MasterBedroom-5265,train
Bedroom-23540,train
SecondBedroom-25993,train
MasterBedroom-45307,train
Bedroom-35027,train
Bedroom-302,train
MasterBedroom-49492,train
MasterBedroom-79358,train
MasterBedroom-49878,train
MasterBedroom-28214,train
MasterBedroom-13238,train
MasterBedroom-3425,train
SecondBedroom-35695,train
Bedroom-6656,train
MasterBedroom-44897,train
MasterBedroom-1637,train
MasterBedroom-79424,train
MasterBedroom-35384,train
Bedroom-5024,train
MasterBedroom-95281,train
Bedroom-13247,train
MasterBedroom-8653,train
SecondBedroom-81247,train
SecondBedroom-19972,train
Bedroom-15031,train
SecondBedroom-12206,test
MasterBedroom-70605,train
Bedroom-108873,train
Bedroom-46532,train
MasterBedroom-24915,train
SecondBedroom-57682,train
SecondBedroom-13950,train
MasterBedroom-25342,train
SecondBedroom-70961,train
Bedroom-15614,train
SecondBedroom-121535,train
SecondBedroom-120097,train
MasterBedroom-120163,val
SecondBedroom-21632,train
MasterBedroom-809,train
MasterBedroom-13668,train
Bedroom-5673,train
MasterBedroom-35376,val
MasterBedroom-22801,train
Bedroom-1265,test
SecondBedroom-16306,train
SecondBedroom-13758,train
MasterBedroom-107126,train
MasterBedroom-1752,train
SecondBedroom-6065,train
MasterBedroom-5883,train
MasterBedroom-30572,train
Bedroom-3241,train
MasterBedroom-1797,train
Bedroom-688,train
MasterBedroom-7175,test
MasterBedroom-3618,train
SecondBedroom-6646,train
SecondBedroom-10825,train
Bedroom-61799,train
Bedroom-8008,train
SecondBedroom-17259,train
SecondBedroom-11580,train
Bedroom-7470,train
SecondBedroom-16113,train
MasterBedroom-11742,train
SecondBedroom-9386,train
MasterBedroom-41983,train
MasterBedroom-1763128,train
SecondBedroom-2080,train
MasterBedroom-218,train
MasterBedroom-31680,train
Bedroom-7489,train
Bedroom-39542,train
SecondBedroom-10318,train
MasterBedroom-1154,train
MasterBedroom-7914,train
SecondBedroom-11311,train
SecondBedroom-380,train
MasterBedroom-11347,train
Bedroom-16438,train
Bedroom-16514,train
MasterBedroom-8375,train
MasterBedroom-24658,train
MasterBedroom-1422,train
MasterBedroom-11331,train
MasterBedroom-18841,train
Bedroom-6637,train
SecondBedroom-55519,train
Bedroom-11457,train
SecondBedroom-2399,train
MasterBedroom-41036,train
MasterBedroom-67062,train
MasterBedroom-12940,train
Bedroom-2730,train
Bedroom-25908,train
MasterBedroom-17598,train
Bedroom-1475,train
Bedroom-2007,train
SecondBedroom-23886,train
SecondBedroom-6908,train
SecondBedroom-5207,train
Bedroom-1124,train
Bedroom-124,train
Bedroom-48198,train
MasterBedroom-81749,train
Bedroom-7232,train
MasterBedroom-20130,train
MasterBedroom-30313,train
MasterBedroom-32084,train
Bedroom-7459,train
SecondBedroom-12565,train
MasterBedroom-76653,train
MasterBedroom-32346,train
SecondBedroom-116650,train
SecondBedroom-99450,train
SecondBedroom-23557,train
Bedroom-26320,test
MasterBedroom-2442,train
Bedroom-1692,test
Bedroom-279,train
SecondBedroom-40210,train
MasterBedroom-20096,train
MasterBedroom-267972,train
MasterBedroom-19255,train
MasterBedroom-29281,train
SecondBedroom-26371,train
Bedroom-7809,train
MasterBedroom-19072,train
Bedroom-10390,train
MasterBedroom-18177,train
SecondBedroom-9959,train
Bedroom-10325,train
MasterBedroom-9893,train
MasterBedroom-149783,train
MasterBedroom-42208,train
MasterBedroom-1505,train
SecondBedroom-2302,train
SecondBedroom-22098,test
MasterBedroom-13827,train
SecondBedroom-60495,train
MasterBedroom-25843,train
SecondBedroom-33779,train
MasterBedroom-1767,train
SecondBedroom-64295,train
MasterBedroom-101780,train
SecondBedroom-2472,train
MasterBedroom-156311,train
Bedroom-10139,train
MasterBedroom-19801,train
MasterBedroom-37550,train
SecondBedroom-10635,train
MasterBedroom-14596,train
Bedroom-18974,val
MasterBedroom-6275,train
SecondBedroom-5597,train
Bedroom-23167,train
SecondBedroom-4397,train
SecondBedroom-16892,train
MasterBedroom-9077,train
MasterBedroom-4843,train
Bedroom-10310,train
SecondBedroom-35873,train
Bedroom-117313,train
SecondBedroom-57808,test
Bedroom-3619,train
MasterBedroom-14970,train
MasterBedroom-44790,train
MasterBedroom-13746,train
MasterBedroom-4676,train
SecondBedroom-14359,train
Bedroom-22265,train
MasterBedroom-16040,train
SecondBedroom-30593,train
SecondBedroom-45226,train
SecondBedroom-16763,train
MasterBedroom-12778,train
Bedroom-402,train
SecondBedroom-78413,train
MasterBedroom-36178,train
SecondBedroom-9994,train
MasterBedroom-38385,train
SecondBedroom-1830,train
SecondBedroom-58083,train
MasterBedroom-226184,train
Bedroom-22361,train
SecondBedroom-182759,train
MasterBedroom-44641,val
MasterBedroom-72370,train
SecondBedroom-6087,train
SecondBedroom-49533,train
MasterBedroom-1269,train
MasterBedroom-442,train
Bedroom-1196,train
Bedroom-55928,train
Bedroom-922,train
SecondBedroom-1213,train
MasterBedroom-85470,train
SecondBedroom-292,train
SecondBedroom-10031,train
SecondBedroom-18135,train
MasterBedroom-9934,train
Bedroom-15841,train
SecondBedroom-67319,train
SecondBedroom-1902,train
SecondBedroom-25080,train
MasterBedroom-37355,train
Bedroom-9700,train
SecondBedroom-3380,train
SecondBedroom-17030,train
SecondBedroom-1636,train
Bedroom-5817,train
MasterBedroom-20579,train
MasterBedroom-38249,train
MasterBedroom-3269,train
Bedroom-19942,train
MasterBedroom-27797,train
Bedroom-227,train
SecondBedroom-7433,train
SecondBedroom-48054,train
MasterBedroom-120814,train
Bedroom-112,train
MasterBedroom-19988,train
Bedroom-207,train
MasterBedroom-72062,train
Bedroom-4858,train
Bedroom-7177,train
MasterBedroom-6438,train
Bedroom-3620,train
MasterBedroom-223908,train
Bedroom-10751,train
MasterBedroom-14554,train
MasterBedroom-12477,train
SecondBedroom-2295,train
SecondBedroom-41297,train
MasterBedroom-8474,train
MasterBedroom-2002,train
MasterBedroom-31276,train
Bedroom-923,train
SecondBedroom-24774,train
MasterBedroom-2367,train
SecondBedroom-15677,train
MasterBedroom-6807,train
Bedroom-27059,train
MasterBedroom-19983,train
SecondBedroom-42190,val
MasterBedroom-121748,train
MasterBedroom-5636,train
Bedroom-727,train
SecondBedroom-40509,train
MasterBedroom-7727,train
MasterBedroom-354,train
SecondBedroom-213397,train
SecondBedroom-38216,train
MasterBedroom-3544,train
MasterBedroom-32534,train
Bedroom-21497,train
MasterBedroom-4328,train
MasterBedroom-5424,train
SecondBedroom-44580,train
Bedroom-71031,train
SecondBedroom-38516,train
SecondBedroom-16870,train
MasterBedroom-480,train
MasterBedroom-5908,val
SecondBedroom-3003,train
MasterBedroom-20448,train
MasterBedroom-13404,train
MasterBedroom-3752,train
SecondBedroom-259226,train
SecondBedroom-17372,train
MasterBedroom-41181,train
MasterBedroom-10958,train
MasterBedroom-12560,train
Bedroom-15206,train
Bedroom-14447,train
MasterBedroom-1860,train
Bedroom-96082,train
MasterBedroom-12936,train
Bedroom-50410,train
SecondBedroom-3766,train
Bedroom-44231,train
SecondBedroom-91744,train
Bedroom-637,train
SecondBedroom-21630,train
SecondBedroom-14075,train
Bedroom-5218,train
MasterBedroom-26187,train
MasterBedroom-30887,train
SecondBedroom-18838,train
SecondBedroom-9659,train
Bedroom-8397,train
Bedroom-1397,train
SecondBedroom-8018,train
SecondBedroom-18401,val
Bedroom-20007,train
MasterBedroom-223838,train
SecondBedroom-27606,train
MasterBedroom-6663,train
SecondBedroom-31776,train
SecondBedroom-56385,train
MasterBedroom-12518,train
SecondBedroom-58832,train
SecondBedroom-3229,train
SecondBedroom-37424,train
MasterBedroom-73650,train
Bedroom-1017,train
Bedroom-869,train
MasterBedroom-65519,train
Bedroom-11125,train
MasterBedroom-9818,test
SecondBedroom-42173,train
Bedroom-18329,train
Bedroom-14136,train
SecondBedroom-140641,val
SecondBedroom-10509,val
Bedroom-13239,train
Bedroom-23859,train
MasterBedroom-4969,train
SecondBedroom-28782,train
Bedroom-1838,train
SecondBedroom-10643,train
MasterBedroom-6196,train
SecondBedroom-28138,train
Bedroom-29486,train
MasterBedroom-19575,train
Bedroom-1206,train
Bedroom-52264,train
Bedroom-13743,train
SecondBedroom-262,train
MasterBedroom-488,train
MasterBedroom-48345,train
MasterBedroom-62947,train
MasterBedroom-50979,train
SecondBedroom-20673,train
SecondBedroom-14044,test
MasterBedroom-12270,train
MasterBedroom-10505,train
Bedroom-99976,train
SecondBedroom-11050,train
MasterBedroom-12402,train
MasterBedroom-20766,train
Bedroom-22071,train
Bedroom-39679,test
MasterBedroom-8111,train
MasterBedroom-2464,train
MasterBedroom-2856,train
SecondBedroom-26903,train
Bedroom-29707,train
MasterBedroom-5264,val
MasterBedroom-48291,train
MasterBedroom-60200,train
Bedroom-34409,train
SecondBedroom-8391,train
MasterBedroom-13598,train
MasterBedroom-24481,train
SecondBedroom-4799,train
Bedroom-4843,train
SecondBedroom-1245,train
Bedroom-1511,train
Bedroom-719,train
SecondBedroom-11912,train
MasterBedroom-22333,train
Bedroom-19819,train
MasterBedroom-5836,train
MasterBedroom-22804,train
Bedroom-14736,train
SecondBedroom-15040,train
Bedroom-57460,train
MasterBedroom-14158,test
SecondBedroom-11688,train
Bedroom-21407,train
SecondBedroom-16460,train
MasterBedroom-14570,train
MasterBedroom-28098,train
MasterBedroom-7712,val
MasterBedroom-50346,train
Bedroom-766,train
SecondBedroom-12435,train
MasterBedroom-224,train
MasterBedroom-35835,train
Bedroom-6915,train
MasterBedroom-17957,train
Bedroom-14021,train
Bedroom-3165,train
MasterBedroom-37718,train
MasterBedroom-13001,train
Bedroom-10941,train
Bedroom-56702,train
SecondBedroom-89516,train
MasterBedroom-34763,train
MasterBedroom-627,train
Bedroom-115907,train
Bedroom-412,train
SecondBedroom-21866,train
MasterBedroom-17448,train
MasterBedroom-4225,train
MasterBedroom-39274,train
Bedroom-5573,val
SecondBedroom-12689,train
SecondBedroom-5581,train
MasterBedroom-8284,train
MasterBedroom-4249,train
MasterBedroom-15388,train
Bedroom-6995,train
MasterBedroom-25791,train
MasterBedroom-21362,train
SecondBedroom-13267,train
MasterBedroom-37707,train
Bedroom-9787,train
MasterBedroom-2080,train
SecondBedroom-57502,train
Bedroom-38944,train
SecondBedroom-6278,train
Bedroom-1127,train
MasterBedroom-7336,train
MasterBedroom-13931,train
MasterBedroom-1408,train
SecondBedroom-8681,train
SecondBedroom-2149,train
SecondBedroom-27973,val
Bedroom-20629,train
Bedroom-1299,train
MasterBedroom-47915,train
MasterBedroom-1979,train
MasterBedroom-1956,train
SecondBedroom-27411,train
SecondBedroom-8043,train
Bedroom-21295,train
Bedroom-19315,train
SecondBedroom-42337,train
Bedroom-2636,train
SecondBedroom-9110,train
MasterBedroom-43954,train
MasterBedroom-1081,train
MasterBedroom-54203,train
SecondBedroom-16544,train
SecondBedroom-42887,train
Bedroom-17564,train
MasterBedroom-184809,train
Bedroom-9169,train
MasterBedroom-8547,train
MasterBedroom-1514,train
MasterBedroom-5048,val
Bedroom-9668,train
Bedroom-8289,train
SecondBedroom-8514,train
MasterBedroom-3545,train
Bedroom-62070,train
Bedroom-51521,train
SecondBedroom-20347,train
Bedroom-1205,train
Bedroom-38939,train
MasterBedroom-42455,train
MasterBedroom-1629,train
MasterBedroom-1352,train
SecondBedroom-7904,train
MasterBedroom-43075,train
SecondBedroom-17966,train
Bedroom-14963,train
MasterBedroom-38344,train
MasterBedroom-14382,train
SecondBedroom-25646,train
SecondBedroom-5283,train
MasterBedroom-2343,train
MasterBedroom-3530,train
MasterBedroom-22008,train
Bedroom-10508,train
MasterBedroom-4123,train
MasterBedroom-78127,train
Bedroom-1853,train
Bedroom-26428,train
Bedroom-332,train
SecondBedroom-3628,train
MasterBedroom-20459,train
Bedroom-14389,train
MasterBedroom-10091,train
SecondBedroom-21667,train
MasterBedroom-35481,train
Bedroom-144341,train
SecondBedroom-791,train
Bedroom-22339,train
MasterBedroom-5362,train
SecondBedroom-65636,train
SecondBedroom-9370,train
Bedroom-14737,train
MasterBedroom-12040,train
Bedroom-394,train
MasterBedroom-10939,train
Bedroom-171,train
MasterBedroom-49925,train
Bedroom-14,train
SecondBedroom-20743,train
SecondBedroom-1251,train
SecondBedroom-44145,train
Bedroom-86672,train
Bedroom-1681,train
Bedroom-52368,train
MasterBedroom-18875,train
Bedroom-211817,train
SecondBedroom-1762979,train
MasterBedroom-1851,train
MasterBedroom-8906,train
SecondBedroom-7785,train
Bedroom-5403,train
SecondBedroom-9075,train
MasterBedroom-2276,train
Bedroom-153,train
MasterBedroom-14861,train
MasterBedroom-11896,train
SecondBedroom-17415,train
Bedroom-1720,val
SecondBedroom-14409,train
SecondBedroom-28196,train
MasterBedroom-3213,train
SecondBedroom-5145,train
MasterBedroom-3822,train
Bedroom-17442,train
MasterBedroom-2737,train
MasterBedroom-1186,train
SecondBedroom-31059,train
MasterBedroom-2213,train
SecondBedroom-26049,train
MasterBedroom-21140,train
SecondBedroom-8716,train
Bedroom-600,train
SecondBedroom-75552,train
Bedroom-936,train
Bedroom-21984,train
MasterBedroom-120497,val
Bedroom-2210,train
Bedroom-3316,train
SecondBedroom-23047,train
SecondBedroom-1603,train
MasterBedroom-117275,train
MasterBedroom-27086,train
SecondBedroom-5811,train
MasterBedroom-15595,train
MasterBedroom-13141,train
MasterBedroom-2957,train
MasterBedroom-14581,train
MasterBedroom-2708,train
MasterBedroom-74238,train
Bedroom-24059,train
MasterBedroom-7220,train
MasterBedroom-7711,test
MasterBedroom-10673,train
MasterBedroom-271962,train
MasterBedroom-11564,train
MasterBedroom-52003,train
MasterBedroom-42154,train
SecondBedroom-218799,train
MasterBedroom-32667,train
Bedroom-2035,train
Bedroom-8384,train
SecondBedroom-14682,train
MasterBedroom-16651,train
SecondBedroom-9822,train
Bedroom-10012,train
MasterBedroom-1261,train
MasterBedroom-54753,train
MasterBedroom-15321,train
SecondBedroom-32971,train
SecondBedroom-39146,train
Bedroom-30790,train
Bedroom-86824,train
Bedroom-573,train
SecondBedroom-1632,train
MasterBedroom-127266,train
SecondBedroom-24604,train
MasterBedroom-13878,train
SecondBedroom-25073,train
Bedroom-6105,train
Bedroom-6984,train
Bedroom-7707,train
MasterBedroom-7618,train
Bedroom-701,train
SecondBedroom-272,train
Bedroom-12371,val
MasterBedroom-40855,train
MasterBedroom-3919,train
MasterBedroom-25891,train
Bedroom-98387,train
SecondBedroom-3935,train
Bedroom-31327,train
SecondBedroom-46517,train
MasterBedroom-5110,train
SecondBedroom-19781,test
Bedroom-32536,train
Bedroom-6975,train
MasterBedroom-5465,train
MasterBedroom-6134,val
Bedroom-699,train
MasterBedroom-2801,train
SecondBedroom-1060,train
MasterBedroom-11787,train
Bedroom-11599,train
SecondBedroom-15281,train
MasterBedroom-25765,train
Bedroom-10062,train
MasterBedroom-21751,train
SecondBedroom-29324,val
Bedroom-353,train
Bedroom-2913,train
SecondBedroom-16796,train
SecondBedroom-1463,train
Bedroom-2685,train
SecondBedroom-21986,train
Bedroom-43442,train
MasterBedroom-17216,train
MasterBedroom-12942,test
Bedroom-473,train
Bedroom-13336,train
Bedroom-3375,train
SecondBedroom-19717,train
Bedroom-1784,train
SecondBedroom-82189,train
Bedroom-38270,train
Bedroom-88208,train
SecondBedroom-3467,train
Bedroom-21704,train
MasterBedroom-462,train
SecondBedroom-17691,train
MasterBedroom-39087,train
SecondBedroom-208237,train
Bedroom-33603,train
Bedroom-15482,train
SecondBedroom-712,train
SecondBedroom-44116,train
SecondBedroom-25725,train
SecondBedroom-714,train
Bedroom-63726,train
MasterBedroom-17209,test
MasterBedroom-29631,train
MasterBedroom-365,train
SecondBedroom-3558,train
SecondBedroom-28302,train
Bedroom-110163,train
MasterBedroom-48561,train
SecondBedroom-8814,train
MasterBedroom-87312,train
Bedroom-8051,train
MasterBedroom-108890,train
Bedroom-17608,train
SecondBedroom-37647,train
Bedroom-30358,train
SecondBedroom-34979,train
MasterBedroom-92088,train
Bedroom-21954,train
Bedroom-7142,train
MasterBedroom-5760,train
SecondBedroom-4527,train
SecondBedroom-92664,train
SecondBedroom-46831,train
Bedroom-9025,train
MasterBedroom-14915,train
Bedroom-24179,train
MasterBedroom-7232,train
Bedroom-10665,test
MasterBedroom-32113,train
MasterBedroom-412,train
Bedroom-24019,train
Bedroom-43407,train
MasterBedroom-3182,train
MasterBedroom-27465,train
MasterBedroom-1122,train
SecondBedroom-22968,train
MasterBedroom-5562,train
Bedroom-64012,train
Bedroom-51813,train
MasterBedroom-106127,train
MasterBedroom-928,train
MasterBedroom-9881,train
SecondBedroom-74670,val
Bedroom-17437,train
MasterBedroom-10726,train
SecondBedroom-49949,train
SecondBedroom-1546,train
MasterBedroom-4520,train
SecondBedroom-9463,train
SecondBedroom-10941,train
SecondBedroom-107035,train
MasterBedroom-13291,train
MasterBedroom-34508,train
MasterBedroom-38990,test
SecondBedroom-20455,train
SecondBedroom-110415,train
SecondBedroom-23974,train
Bedroom-12905,train
MasterBedroom-2723,train
MasterBedroom-15309,train
Bedroom-19071,train
SecondBedroom-41206,train
MasterBedroom-8733,train
MasterBedroom-24269,train
MasterBedroom-26071,train
MasterBedroom-6537,train
MasterBedroom-16735,train
SecondBedroom-8920,train
SecondBedroom-10802,train
MasterBedroom-11918,train
SecondBedroom-3942,train
MasterBedroom-11265,train
SecondBedroom-15421,train
MasterBedroom-28264,train
SecondBedroom-6993,train
SecondBedroom-17752,train
MasterBedroom-3049,train
Bedroom-52786,train
MasterBedroom-24604,train
Bedroom-29441,train
MasterBedroom-5468,train
SecondBedroom-592,train
MasterBedroom-1640,train
Bedroom-11582,train
SecondBedroom-636,train
MasterBedroom-13202,train
Bedroom-28121,train
Bedroom-14262,train
SecondBedroom-118939,train
Bedroom-5088,train
Bedroom-10256,train
SecondBedroom-20065,train
Bedroom-18163,train
SecondBedroom-941,val
Bedroom-9593,train
Bedroom-8043,train
SecondBedroom-27399,train
MasterBedroom-11479,train
SecondBedroom-31355,train
SecondBedroom-16901,train
MasterBedroom-13224,train
SecondBedroom-44122,train
SecondBedroom-46806,train
SecondBedroom-7221,train
MasterBedroom-470,train
Bedroom-12490,train
Bedroom-22219,train
Bedroom-398,train
MasterBedroom-40236,train
Bedroom-34903,train
Bedroom-582,train
MasterBedroom-7845,train
MasterBedroom-1859,train
SecondBedroom-8208,train
SecondBedroom-43263,train
Bedroom-25641,train
Bedroom-88515,train
Bedroom-7308,train
MasterBedroom-7393,train
SecondBedroom-9802,train
Bedroom-12047,train
SecondBedroom-58428,train
SecondBedroom-58192,train
MasterBedroom-20944,train
SecondBedroom-18640,train
MasterBedroom-49008,train
SecondBedroom-22643,train
SecondBedroom-42647,train
MasterBedroom-654,train
SecondBedroom-20838,train
Bedroom-17414,train
SecondBedroom-9807,train
MasterBedroom-13063,train
MasterBedroom-10267,train
MasterBedroom-3673,train
Bedroom-8818,train
Bedroom-6460,train
SecondBedroom-118528,train
Bedroom-24248,train
SecondBedroom-702,train
MasterBedroom-33779,train
SecondBedroom-54345,train
Bedroom-17400,train
MasterBedroom-30716,train
SecondBedroom-17722,train
Bedroom-16422,train
MasterBedroom-77618,train
Bedroom-357,train
SecondBedroom-16071,train
MasterBedroom-9638,train
MasterBedroom-4992,train
SecondBedroom-22085,train
SecondBedroom-1018,train
SecondBedroom-594,train
SecondBedroom-51336,train
Bedroom-11072,train
Bedroom-522,train
MasterBedroom-53441,train
MasterBedroom-82186,train
MasterBedroom-45414,train
MasterBedroom-19652,val
SecondBedroom-54537,train
MasterBedroom-8587,train
SecondBedroom-127,train
SecondBedroom-9106,train
MasterBedroom-742,train
SecondBedroom-39696,train
SecondBedroom-56631,train
Bedroom-267,train
SecondBedroom-25516,train
MasterBedroom-100337,train
SecondBedroom-19183,train
MasterBedroom-39028,train
Bedroom-451,train
MasterBedroom-245977,train
SecondBedroom-1654,train
MasterBedroom-23811,train
Bedroom-4046,train
SecondBedroom-8687,train
Bedroom-77815,train
MasterBedroom-8726,val
MasterBedroom-736,train
Bedroom-1016,train
MasterBedroom-40083,train
SecondBedroom-17873,train
Bedroom-13468,train
MasterBedroom-31445,train
MasterBedroom-67870,train
SecondBedroom-15167,train
Bedroom-21222,train
MasterBedroom-49236,train
MasterBedroom-17823,train
SecondBedroom-5641,train
MasterBedroom-28445,train
Bedroom-17496,train
MasterBedroom-34945,train
Bedroom-14731,train
SecondBedroom-18352,train
Bedroom-65973,train
MasterBedroom-44714,train
Bedroom-6778,train
MasterBedroom-13482,train
MasterBedroom-13595,val
MasterBedroom-25069,train
SecondBedroom-7253,train
MasterBedroom-49467,train
MasterBedroom-1843,val
Bedroom-68029,train
Bedroom-497,train
MasterBedroom-3908,train
MasterBedroom-7735,train
Bedroom-8532,train
SecondBedroom-14102,val
MasterBedroom-10518,train
Bedroom-2858,train
SecondBedroom-18046,train
MasterBedroom-11589,train
MasterBedroom-62978,test
MasterBedroom-95118,train
SecondBedroom-1301,train
SecondBedroom-147166,train
MasterBedroom-11997,train
SecondBedroom-25677,train
Bedroom-88662,train
Bedroom-6601,train
MasterBedroom-3854,train
Bedroom-71736,train
SecondBedroom-78718,train
SecondBedroom-71864,train
MasterBedroom-48846,train
SecondBedroom-73426,train
Bedroom-1276,train
MasterBedroom-6430,train
Bedroom-2901,train
Bedroom-23931,train
SecondBedroom-14223,train
MasterBedroom-15661,train
SecondBedroom-21442,train
MasterBedroom-18017,train
MasterBedroom-20548,train
SecondBedroom-68666,train
SecondBedroom-2827,train
MasterBedroom-2364,train
Bedroom-225,train
SecondBedroom-1037,train
SecondBedroom-7694,train
SecondBedroom-11003,train
MasterBedroom-536,train
SecondBedroom-66284,train
SecondBedroom-222181,train
SecondBedroom-54811,train
MasterBedroom-21792,train
MasterBedroom-2083,train
Bedroom-14024,train
Bedroom-803,train
MasterBedroom-13164,train
Bedroom-4191,train
MasterBedroom-91485,train
SecondBedroom-17521,train
MasterBedroom-22041,train
SecondBedroom-7218,train
SecondBedroom-6191,train
MasterBedroom-20476,train
MasterBedroom-243116,test
Bedroom-12272,train
Bedroom-12028,train
MasterBedroom-1758,train
SecondBedroom-6900,train
SecondBedroom-12785,test
SecondBedroom-7233,train
MasterBedroom-18383,train
SecondBedroom-9892,train
Bedroom-2152,train
MasterBedroom-15054,train
MasterBedroom-1688,train
SecondBedroom-16593,train
Bedroom-75221,train
MasterBedroom-1763231,train
SecondBedroom-58234,test
MasterBedroom-32770,train
MasterBedroom-1741,train
Bedroom-41872,train
MasterBedroom-49133,train
Bedroom-18499,train
SecondBedroom-1845,train
MasterBedroom-15154,train
MasterBedroom-838,train
SecondBedroom-55438,train
MasterBedroom-17590,train
Bedroom-411,train
SecondBedroom-68353,train
MasterBedroom-36309,test
SecondBedroom-59406,test
SecondBedroom-53615,train
MasterBedroom-1247,train
Bedroom-21210,train
SecondBedroom-1064,train
MasterBedroom-1895,train
SecondBedroom-10226,train
SecondBedroom-14900,train
SecondBedroom-140986,train
MasterBedroom-10120,train
MasterBedroom-6212,train
MasterBedroom-4864,train
SecondBedroom-96865,train
MasterBedroom-13936,train
SecondBedroom-40163,train
MasterBedroom-319,train
SecondBedroom-147068,train
SecondBedroom-25694,train
SecondBedroom-546,train
Bedroom-5564,train
SecondBedroom-226,train
SecondBedroom-31597,train
SecondBedroom-20466,train
SecondBedroom-72017,train
SecondBedroom-42424,train
MasterBedroom-2411,train
SecondBedroom-110019,train
MasterBedroom-1502,test
SecondBedroom-8475,train
MasterBedroom-244289,train
SecondBedroom-5013,train
MasterBedroom-6468,train
MasterBedroom-14876,train
MasterBedroom-5933,train
MasterBedroom-144074,train
MasterBedroom-2061,train
MasterBedroom-32242,train
Bedroom-27900,train
SecondBedroom-88841,train
SecondBedroom-34440,train
SecondBedroom-1541,train
MasterBedroom-32615,train
MasterBedroom-38443,train
MasterBedroom-2426,train
SecondBedroom-23087,train
Bedroom-33792,train
SecondBedroom-20724,train
MasterBedroom-69027,train
MasterBedroom-18069,train
MasterBedroom-1762236,train
MasterBedroom-24445,train
SecondBedroom-10500,train
MasterBedroom-32031,test
Bedroom-5697,train
MasterBedroom-29595,train
MasterBedroom-18725,train
Bedroom-18203,train
SecondBedroom-15428,test
SecondBedroom-750,train
SecondBedroom-8848,train
MasterBedroom-31517,train
Bedroom-9794,train
Bedroom-35514,train
MasterBedroom-72713,train
MasterBedroom-68509,train
Bedroom-260,train
SecondBedroom-9241,train
SecondBedroom-25535,train
MasterBedroom-2363,train
SecondBedroom-31811,train
Bedroom-50869,val
Bedroom-42930,train
MasterBedroom-53,train
SecondBedroom-2478,train
Bedroom-3521,train
SecondBedroom-20716,train
SecondBedroom-24608,train
Bedroom-6314,train
Bedroom-10043,train
MasterBedroom-242754,train
Bedroom-986,train
SecondBedroom-7017,train
SecondBedroom-5887,train
MasterBedroom-142285,train
SecondBedroom-102751,train
MasterBedroom-873,train
SecondBedroom-27170,train
MasterBedroom-23537,train
Bedroom-7187,train
MasterBedroom-10399,train
SecondBedroom-9414,train
SecondBedroom-18701,train
MasterBedroom-5579,train
SecondBedroom-20952,train
SecondBedroom-34183,train
SecondBedroom-101544,train
SecondBedroom-4501,train
MasterBedroom-7635,train
MasterBedroom-12006,train
MasterBedroom-77600,train
Bedroom-46578,train
SecondBedroom-13315,train
SecondBedroom-6830,train
SecondBedroom-10098,train
MasterBedroom-9217,train
Bedroom-1215,train
Bedroom-4256,train
MasterBedroom-38021,train
Bedroom-1298,train
SecondBedroom-8847,train
SecondBedroom-86,train
MasterBedroom-13945,train
MasterBedroom-45779,train
MasterBedroom-476,train
MasterBedroom-2718,train
MasterBedroom-40818,train
MasterBedroom-17288,train
MasterBedroom-110,train
MasterBedroom-6710,train
Bedroom-81765,train
MasterBedroom-53974,test
MasterBedroom-1585,train
MasterBedroom-4027,train
Bedroom-9426,train
SecondBedroom-15362,train
MasterBedroom-44763,train
Bedroom-7011,train
MasterBedroom-150024,train
SecondBedroom-59226,train
SecondBedroom-26143,train
MasterBedroom-1599,train
SecondBedroom-36248,train
MasterBedroom-20604,train
MasterBedroom-22264,train
Bedroom-9841,train
Bedroom-56759,train
Bedroom-25921,train
SecondBedroom-578,train
Bedroom-1683,train
Bedroom-23192,train
MasterBedroom-273,train
Bedroom-5443,train
MasterBedroom-10107,test
SecondBedroom-14284,train
MasterBedroom-13715,train
Bedroom-128261,train
MasterBedroom-275,train
MasterBedroom-2432,train
SecondBedroom-2731,train
SecondBedroom-6480,train
SecondBedroom-138968,train
SecondBedroom-13179,train
Bedroom-23310,train
Bedroom-62638,train
MasterBedroom-3452,train
SecondBedroom-24808,test
SecondBedroom-36167,train
Bedroom-1448,train
MasterBedroom-15527,train
MasterBedroom-9857,train
MasterBedroom-3280,train
MasterBedroom-352,train
MasterBedroom-515,train
MasterBedroom-16919,train
SecondBedroom-100695,train
SecondBedroom-11828,train
SecondBedroom-32118,train
MasterBedroom-1468,train
Bedroom-2914,train
MasterBedroom-23047,train
SecondBedroom-439,train
Bedroom-14220,train
Bedroom-680,train
Bedroom-9092,train
MasterBedroom-135740,train
SecondBedroom-73546,train
MasterBedroom-4105,train
MasterBedroom-28078,train
MasterBedroom-108,train
MasterBedroom-144596,train
MasterBedroom-2218,train
MasterBedroom-65092,train
MasterBedroom-18042,train
Bedroom-22351,train
SecondBedroom-781,train
MasterBedroom-68024,train
MasterBedroom-1289,train
MasterBedroom-15089,train
MasterBedroom-2618,train
SecondBedroom-18111,train
Bedroom-4026,train
Bedroom-32665,train
SecondBedroom-2936,train
Bedroom-396,train
SecondBedroom-22972,train
Bedroom-36351,train
SecondBedroom-2309,train
MasterBedroom-11456,train
Bedroom-604596,train
SecondBedroom-38435,train
MasterBedroom-1114,train
Bedroom-3456,train
SecondBedroom-8463,train
MasterBedroom-17068,train
Bedroom-24375,train
SecondBedroom-43157,train
SecondBedroom-7076,train
MasterBedroom-1667,train
Bedroom-33921,train
SecondBedroom-71986,train
SecondBedroom-9950,train
SecondBedroom-7807,train
Bedroom-75355,train
SecondBedroom-3877,train
MasterBedroom-16741,train
MasterBedroom-6822,train
Bedroom-33922,train
MasterBedroom-2295,train
MasterBedroom-6619,train
SecondBedroom-8812,train
Bedroom-6312,val
SecondBedroom-7924,train
MasterBedroom-4779,train
MasterBedroom-30488,train
Bedroom-9417,train
SecondBedroom-12387,train
SecondBedroom-23415,train
SecondBedroom-12960,train
SecondBedroom-78515,val
MasterBedroom-103288,train
Bedroom-1021,train
SecondBedroom-1544,train
Bedroom-24655,train
Bedroom-21192,train
Bedroom-29500,train
Bedroom-42001,train
MasterBedroom-11980,train
MasterBedroom-30460,train
SecondBedroom-964,train
SecondBedroom-12920,train
MasterBedroom-7504,train
MasterBedroom-9653,train
MasterBedroom-5413,train
SecondBedroom-242776,train
Bedroom-9803,train
MasterBedroom-6712,train
Bedroom-62221,train
Bedroom-15622,train
SecondBedroom-6693,train
MasterBedroom-5121,train
MasterBedroom-8404,train
MasterBedroom-11237,train
Bedroom-62536,train
Bedroom-186,train
Bedroom-11362,train
SecondBedroom-12952,train
MasterBedroom-950,train
SecondBedroom-27831,train
SecondBedroom-23205,train
SecondBedroom-32499,train
MasterBedroom-1589,train
Bedroom-212,train
MasterBedroom-10297,train
Bedroom-593,train
Bedroom-24525,train
Bedroom-236,train
MasterBedroom-12970,train
SecondBedroom-6844,train
SecondBedroom-40147,train
SecondBedroom-11179,train
Bedroom-9535,train
SecondBedroom-93457,train
MasterBedroom-83868,train
SecondBedroom-42938,train
MasterBedroom-27795,train
SecondBedroom-10153,train
Bedroom-36219,train
SecondBedroom-242180,train
MasterBedroom-27362,train
Bedroom-5263,train
SecondBedroom-15077,val
Bedroom-3673,train
SecondBedroom-58235,train
SecondBedroom-20352,train
MasterBedroom-193,train
Bedroom-83832,train
MasterBedroom-138,train
Bedroom-15114,train
Bedroom-25883,train
Bedroom-4530,train
SecondBedroom-1905,train
SecondBedroom-26731,train
MasterBedroom-7162,train
Bedroom-2916,train
Bedroom-17188,train
MasterBedroom-9069,train
SecondBedroom-35781,train
MasterBedroom-19750,train
MasterBedroom-200023,train
Bedroom-47682,train
SecondBedroom-16072,train
SecondBedroom-562,train
MasterBedroom-3293,train
Bedroom-1277,train
Bedroom-9232,train
Bedroom-22435,train
MasterBedroom-72148,train
Bedroom-4308,train
SecondBedroom-15458,train
Bedroom-2087,train
Bedroom-14257,train
MasterBedroom-7033,train
MasterBedroom-55531,train
SecondBedroom-20702,train
Bedroom-2276,train
MasterBedroom-71012,train
MasterBedroom-557,train
SecondBedroom-968,train
MasterBedroom-630,train
MasterBedroom-533,train
Bedroom-28795,train
MasterBedroom-29842,train
MasterBedroom-398,train
MasterBedroom-21507,val
SecondBedroom-7309,train
Bedroom-35611,train
Bedroom-379,train
MasterBedroom-1051,train
MasterBedroom-32473,train
Bedroom-2336,train
SecondBedroom-8921,train
Bedroom-62235,train
SecondBedroom-10764,train
SecondBedroom-14021,train
MasterBedroom-13713,train
SecondBedroom-42376,train
MasterBedroom-95497,train
Bedroom-822,train
SecondBedroom-30536,train
Bedroom-4123,train
SecondBedroom-47052,train
SecondBedroom-55429,train
Bedroom-2092,train
Bedroom-47615,train
SecondBedroom-41862,train
Bedroom-2277,train
Bedroom-35061,train
SecondBedroom-93585,train
MasterBedroom-52585,train
SecondBedroom-1152,train
Bedroom-9098,train
MasterBedroom-9858,train
SecondBedroom-22752,train
SecondBedroom-15145,train
MasterBedroom-61,train
SecondBedroom-27997,train
MasterBedroom-5128,test
SecondBedroom-10895,train
MasterBedroom-2548,train
SecondBedroom-5959,train
Bedroom-2104,train
SecondBedroom-22,train
MasterBedroom-3684,train
SecondBedroom-15655,train
Bedroom-1447,train
Bedroom-21463,val
SecondBedroom-10798,train
MasterBedroom-45472,train
SecondBedroom-18500,train
Bedroom-10136,train
MasterBedroom-76324,train
Bedroom-69440,train
MasterBedroom-87179,train
MasterBedroom-211121,train
MasterBedroom-537,train
SecondBedroom-1652,train
MasterBedroom-72669,train
Bedroom-11659,train
MasterBedroom-5591,val
Bedroom-4576,train
SecondBedroom-7640,train
SecondBedroom-39528,train
Bedroom-12973,train
MasterBedroom-6654,train
MasterBedroom-19852,train
MasterBedroom-7154,train
Bedroom-49598,train
Bedroom-3587,train
SecondBedroom-243138,train
Bedroom-18123,train
MasterBedroom-17404,train
MasterBedroom-50612,train
Bedroom-2284,train
MasterBedroom-5493,train
MasterBedroom-147951,train
SecondBedroom-84778,train
SecondBedroom-12402,train
SecondBedroom-6285,train
SecondBedroom-4803,train
SecondBedroom-22298,train
SecondBedroom-24295,train
Bedroom-6842,train
Bedroom-44489,train
SecondBedroom-38751,train
MasterBedroom-10045,train
MasterBedroom-79904,train
SecondBedroom-18593,train
MasterBedroom-142318,train
Bedroom-19444,train
Bedroom-5981,train
MasterBedroom-22922,train
Bedroom-13209,train
SecondBedroom-39793,train
Bedroom-14888,train
MasterBedroom-66911,train
MasterBedroom-125741,train
Bedroom-9783,train
SecondBedroom-6400,train
MasterBedroom-12753,train
MasterBedroom-17097,train
SecondBedroom-1906,train
MasterBedroom-4329,test
Bedroom-70462,train
SecondBedroom-8304,train
Bedroom-6881,train
Bedroom-54434,train
SecondBedroom-12420,train
MasterBedroom-116419,train
MasterBedroom-5297,train
SecondBedroom-8279,train
Bedroom-8715,train
MasterBedroom-9694,train
Bedroom-15975,train
Bedroom-871,train
MasterBedroom-649,train
MasterBedroom-10707,train
MasterBedroom-1803,train
MasterBedroom-4606,train
MasterBedroom-22056,train
MasterBedroom-59200,train
MasterBedroom-36282,train
SecondBedroom-18355,train
MasterBedroom-29013,train
MasterBedroom-61232,train
SecondBedroom-116,train
MasterBedroom-144,train
Bedroom-2412,train
MasterBedroom-10043,train
Bedroom-17603,train
MasterBedroom-23692,train
MasterBedroom-7015,train
SecondBedroom-6511,test
MasterBedroom-17694,val
Bedroom-1529,train
Bedroom-297,train
MasterBedroom-8961,train
MasterBedroom-20171,train
SecondBedroom-9417,train
SecondBedroom-12268,train
SecondBedroom-74626,train
Bedroom-24002,train
Bedroom-311972,train
MasterBedroom-60990,train
MasterBedroom-8000,train
MasterBedroom-1073,val
SecondBedroom-22112,train
SecondBedroom-717,train
MasterBedroom-10454,train
Bedroom-91438,train
MasterBedroom-50625,val
Bedroom-10024,train
Bedroom-649,train
SecondBedroom-45033,train
SecondBedroom-5878,train
MasterBedroom-1244,train
Bedroom-17297,train
MasterBedroom-38133,train
MasterBedroom-145762,train
SecondBedroom-8161,train
SecondBedroom-6797,train
MasterBedroom-9966,train
MasterBedroom-40171,train
MasterBedroom-6210,train
Bedroom-89166,train
Bedroom-37666,train
Bedroom-237,train
MasterBedroom-11336,train
SecondBedroom-9100,train
Bedroom-14501,train
MasterBedroom-13112,train
MasterBedroom-17413,train
MasterBedroom-59979,train
MasterBedroom-4683,train
Bedroom-1509,train
Bedroom-122787,test
MasterBedroom-10075,train
SecondBedroom-51226,train
SecondBedroom-71965,test
SecondBedroom-34098,train
Bedroom-48979,train
SecondBedroom-1167,train
Bedroom-9406,train
Bedroom-47007,train
Bedroom-15868,train
SecondBedroom-17265,train
Bedroom-20286,train
SecondBedroom-214733,train
MasterBedroom-16200,train
MasterBedroom-88517,train
Bedroom-19303,train
SecondBedroom-11385,train
MasterBedroom-1188,train
SecondBedroom-28118,train
Bedroom-6887,train
Bedroom-2364,val
MasterBedroom-5463,train
MasterBedroom-37530,train
MasterBedroom-45020,train
Bedroom-13315,train
Bedroom-20168,train
MasterBedroom-16392,train
Bedroom-949,train
MasterBedroom-12595,val
SecondBedroom-8680,train
MasterBedroom-30932,train
SecondBedroom-226338,train
SecondBedroom-34587,train
SecondBedroom-16519,train
SecondBedroom-10059,train
MasterBedroom-8131,train
MasterBedroom-6040,train
MasterBedroom-12204,train
MasterBedroom-1683,train
MasterBedroom-18464,train
Bedroom-55636,train
MasterBedroom-41297,train
MasterBedroom-3391,train
Bedroom-3173,train
MasterBedroom-137035,train
SecondBedroom-32620,val
MasterBedroom-2601,train
MasterBedroom-5215,train
MasterBedroom-132843,train
MasterBedroom-7747,train
Bedroom-12411,train
Bedroom-301,train
SecondBedroom-22467,train
MasterBedroom-7952,train
SecondBedroom-10372,val
Bedroom-3916,train
Bedroom-10952,train
Bedroom-790,train
SecondBedroom-45688,train
MasterBedroom-34310,train
SecondBedroom-101913,train
MasterBedroom-14272,train
MasterBedroom-80856,train
Bedroom-14930,train
MasterBedroom-43021,train
MasterBedroom-60951,train
MasterBedroom-41510,train
MasterBedroom-16843,train
SecondBedroom-3517,train
Bedroom-157258,train
MasterBedroom-30167,train
MasterBedroom-628,train
SecondBedroom-20519,train
MasterBedroom-542,train
SecondBedroom-63777,train
SecondBedroom-1097,train
Bedroom-91160,train
SecondBedroom-71861,train
SecondBedroom-2103,train
Bedroom-11842,train
Bedroom-1912,train
SecondBedroom-22933,train
Bedroom-28476,train
Bedroom-6002,train
MasterBedroom-45563,train
Bedroom-11338,train
Bedroom-8789,train
Bedroom-108,train
SecondBedroom-42233,train
Bedroom-361,train
MasterBedroom-52872,train
Bedroom-7954,train
MasterBedroom-11013,train
MasterBedroom-12485,train
SecondBedroom-27156,train
Bedroom-46399,train
MasterBedroom-110156,train
SecondBedroom-51128,train
SecondBedroom-16748,train
MasterBedroom-8852,train
SecondBedroom-1049,train
Bedroom-42175,train
SecondBedroom-3852,train
MasterBedroom-34278,train
SecondBedroom-1912,train
SecondBedroom-1282,train
SecondBedroom-43096,train
MasterBedroom-4499,train
MasterBedroom-87369,train
MasterBedroom-10833,val
MasterBedroom-26925,train
SecondBedroom-11739,train
SecondBedroom-4385,train
MasterBedroom-6128,train
SecondBedroom-4278,train
Bedroom-1411,train
MasterBedroom-18800,train
MasterBedroom-9804,train
MasterBedroom-20971,train
SecondBedroom-13353,val
Bedroom-1262,train
SecondBedroom-22967,train
SecondBedroom-52786,train
MasterBedroom-9070,train
MasterBedroom-40378,train
SecondBedroom-16186,train
MasterBedroom-13832,train
Bedroom-3920,train
SecondBedroom-23568,train
SecondBedroom-4383,train
SecondBedroom-15933,train
Bedroom-22290,train
MasterBedroom-116901,train
SecondBedroom-2293,train
Bedroom-7051,train
SecondBedroom-30126,train
MasterBedroom-87405,train
MasterBedroom-6844,train
MasterBedroom-68654,train
Bedroom-4213,val
MasterBedroom-141734,train
MasterBedroom-4588,train
MasterBedroom-12272,train
MasterBedroom-2540,train
MasterBedroom-1212,train
MasterBedroom-12883,train
Bedroom-19853,train
Bedroom-46392,train
SecondBedroom-4816,val
MasterBedroom-121485,train
SecondBedroom-13466,train
MasterBedroom-45036,train
SecondBedroom-5378,train
SecondBedroom-19500,train
Bedroom-15630,train
Bedroom-61812,test
SecondBedroom-6616,train
MasterBedroom-76130,train
Bedroom-1345,train
SecondBedroom-8094,train
MasterBedroom-131,train
SecondBedroom-420,train
MasterBedroom-10472,val
Bedroom-23724,train
Bedroom-23794,train
Bedroom-4797,train
Bedroom-30978,train
SecondBedroom-25354,train
SecondBedroom-4947,train
SecondBedroom-30625,train
SecondBedroom-9577,train
MasterBedroom-11574,train
Bedroom-24461,train
MasterBedroom-16250,train
SecondBedroom-56702,train
MasterBedroom-963,train
MasterBedroom-14405,train
MasterBedroom-55352,train
SecondBedroom-7774,train
SecondBedroom-10585,val
MasterBedroom-9481,train
Bedroom-7835,train
MasterBedroom-71933,train
SecondBedroom-3805,train
SecondBedroom-8177,train
SecondBedroom-13794,train
MasterBedroom-18110,train
Bedroom-11746,train
Bedroom-6059,train
Bedroom-161064,train
SecondBedroom-25309,train
Bedroom-41817,train
MasterBedroom-17488,train
MasterBedroom-12592,train
SecondBedroom-21695,train
MasterBedroom-4863,train
MasterBedroom-350851,test
MasterBedroom-91396,train
Bedroom-69096,train
Bedroom-94555,train
MasterBedroom-1087,train
Bedroom-27988,train
SecondBedroom-334,train
MasterBedroom-8176,train
Bedroom-44609,train
SecondBedroom-11704,train
Bedroom-60232,train
MasterBedroom-76782,train
SecondBedroom-14107,train
MasterBedroom-44501,train
MasterBedroom-59131,train
SecondBedroom-18509,train
SecondBedroom-12283,train
SecondBedroom-48433,train
SecondBedroom-15092,train
MasterBedroom-26280,train
SecondBedroom-3286,train
MasterBedroom-62195,train
Bedroom-98585,train
Bedroom-28081,train
SecondBedroom-103807,train
Bedroom-2457,train
Bedroom-19090,train
Bedroom-20650,train
SecondBedroom-22729,train
MasterBedroom-48626,train
MasterBedroom-101816,train
SecondBedroom-8120,train
MasterBedroom-103832,train
SecondBedroom-152228,train
SecondBedroom-13814,train
SecondBedroom-34991,train
MasterBedroom-55695,train
MasterBedroom-33700,train
SecondBedroom-40528,train
SecondBedroom-9812,train
MasterBedroom-8750,train
Bedroom-60102,train
MasterBedroom-14837,train
MasterBedroom-25057,train
MasterBedroom-48394,train
SecondBedroom-37176,train
SecondBedroom-16156,train
Bedroom-75240,train
MasterBedroom-2045,train
MasterBedroom-59239,train
SecondBedroom-3719,train
MasterBedroom-7439,train
MasterBedroom-3857,train
MasterBedroom-19148,train
MasterBedroom-6118,train
Bedroom-16914,train
Bedroom-12734,train
SecondBedroom-116679,train
SecondBedroom-10368,test
Bedroom-9299,train
Bedroom-314,train
MasterBedroom-2171,train
MasterBedroom-28365,test
SecondBedroom-26015,train
Bedroom-13712,train
MasterBedroom-19310,train
SecondBedroom-11406,train
Bedroom-28692,train
SecondBedroom-45332,train
MasterBedroom-2906,train
Bedroom-9552,train
Bedroom-3132,train
MasterBedroom-1403,train
MasterBedroom-22033,train
Bedroom-5521,train
SecondBedroom-86509,train
SecondBedroom-52351,train
MasterBedroom-12928,train
MasterBedroom-14015,train
MasterBedroom-142,train
SecondBedroom-4901,train
SecondBedroom-5468,train
Bedroom-13067,train
SecondBedroom-31401,train
SecondBedroom-5427,train
SecondBedroom-58336,train
SecondBedroom-56104,train
Bedroom-49471,train
MasterBedroom-29761,train
MasterBedroom-467,train
Bedroom-88273,train
MasterBedroom-801,train
SecondBedroom-1494,train
MasterBedroom-7745,train
MasterBedroom-299,train
MasterBedroom-13436,train
SecondBedroom-8097,train
SecondBedroom-33219,train
SecondBedroom-31363,train
MasterBedroom-26903,train
SecondBedroom-14765,train
SecondBedroom-32261,train
MasterBedroom-76652,train
SecondBedroom-27194,train
MasterBedroom-2630,train
MasterBedroom-29249,train
MasterBedroom-11214,train
SecondBedroom-39039,train
Bedroom-13135,train
SecondBedroom-28256,train
SecondBedroom-20515,val
MasterBedroom-29891,train
SecondBedroom-22593,train
Bedroom-517,train
Bedroom-68902,train
MasterBedroom-21731,train
Bedroom-35064,train
SecondBedroom-19303,train
MasterBedroom-25534,train
MasterBedroom-88093,train
SecondBedroom-43092,train
SecondBedroom-28623,train
MasterBedroom-24780,train
MasterBedroom-22961,train
SecondBedroom-1613,train
Bedroom-58778,train
Bedroom-8601,train
MasterBedroom-7049,val
MasterBedroom-14994,train
SecondBedroom-46575,train
MasterBedroom-70236,train
SecondBedroom-23875,train
MasterBedroom-12682,train
Bedroom-9287,train
MasterBedroom-2328,train
SecondBedroom-25652,train
Bedroom-51343,train
MasterBedroom-15007,train
MasterBedroom-11658,train
Bedroom-1778,train
Bedroom-2841,train
MasterBedroom-6528,train
Bedroom-10372,train
SecondBedroom-1956,train
MasterBedroom-25068,train
Bedroom-23580,train
SecondBedroom-11598,train
MasterBedroom-245,train
SecondBedroom-28376,train
MasterBedroom-617,train
MasterBedroom-4877,train
MasterBedroom-49298,train
MasterBedroom-67961,train
SecondBedroom-2941,train
SecondBedroom-34345,train
SecondBedroom-50270,train
Bedroom-197,train
Bedroom-13201,train
MasterBedroom-168,train
MasterBedroom-14546,train
MasterBedroom-63698,train
Bedroom-3307,train
MasterBedroom-51218,train
MasterBedroom-17936,val
MasterBedroom-7802,train
MasterBedroom-14388,train
Bedroom-3651,train
SecondBedroom-738,train
SecondBedroom-29462,train
SecondBedroom-7799,train
Bedroom-30371,train
MasterBedroom-22674,train
Bedroom-8158,train
MasterBedroom-74389,train
SecondBedroom-14200,train
MasterBedroom-21432,train
MasterBedroom-994,train
MasterBedroom-12307,train
MasterBedroom-7150,train
MasterBedroom-15631,train
Bedroom-11172,train
Bedroom-19967,val
Bedroom-140603,train
MasterBedroom-31997,train
MasterBedroom-54208,test
MasterBedroom-23712,train
MasterBedroom-36996,train
Bedroom-16963,train
SecondBedroom-3516,train
SecondBedroom-74434,train
MasterBedroom-50869,train
MasterBedroom-26587,train
SecondBedroom-4782,train
MasterBedroom-9614,train
Bedroom-1351,train
Bedroom-13369,train
Bedroom-62330,train
SecondBedroom-13085,train
SecondBedroom-16477,train
MasterBedroom-18055,train
MasterBedroom-16901,train
Bedroom-12508,train
MasterBedroom-33111,train
Bedroom-12119,train
MasterBedroom-2827,train
MasterBedroom-3979,train
MasterBedroom-2137,train
Bedroom-6936,test
SecondBedroom-2000,train
Bedroom-1059,train
Bedroom-22136,train
Bedroom-79365,train
SecondBedroom-5626,train
Bedroom-14560,train
MasterBedroom-6281,train
SecondBedroom-217432,train
SecondBedroom-13359,train
MasterBedroom-1966,train
Bedroom-7445,train
MasterBedroom-39088,train
SecondBedroom-373,train
SecondBedroom-4535,train
Bedroom-22896,train
SecondBedroom-14540,train
MasterBedroom-56412,train
SecondBedroom-89711,train
Bedroom-106236,train
SecondBedroom-2658,train
MasterBedroom-9526,train
MasterBedroom-63052,train
Bedroom-2694,train
Bedroom-63480,train
Bedroom-29751,train
Bedroom-16311,train
SecondBedroom-18007,train
SecondBedroom-15576,train
Bedroom-75674,train
MasterBedroom-49696,train
MasterBedroom-11662,train
SecondBedroom-112,train
Bedroom-2394,train
Bedroom-2324,train
Bedroom-10003,train
MasterBedroom-21338,train
MasterBedroom-4716,train
Bedroom-210267,train
Bedroom-780,train
SecondBedroom-3814,train
Bedroom-4727,train
SecondBedroom-22944,train
MasterBedroom-152647,train
SecondBedroom-25444,train
MasterBedroom-5710,train
Bedroom-33188,train
MasterBedroom-44810,test
MasterBedroom-7347,train
MasterBedroom-15131,train
SecondBedroom-88577,train
Bedroom-1033,train
SecondBedroom-14804,val
SecondBedroom-61396,train
SecondBedroom-48014,train
SecondBedroom-147398,train
Bedroom-206,train
SecondBedroom-426,train
SecondBedroom-8653,train
MasterBedroom-17480,train
MasterBedroom-32994,train
Bedroom-15586,train
SecondBedroom-18044,train
Bedroom-12002,train
Bedroom-35224,train
MasterBedroom-74651,train
MasterBedroom-24185,train
MasterBedroom-17166,train
MasterBedroom-13989,train
MasterBedroom-956,train
Bedroom-52292,train
MasterBedroom-118964,train
MasterBedroom-40557,train
MasterBedroom-31477,train
Bedroom-86755,train
SecondBedroom-3137,train
Bedroom-10575,train
Bedroom-40204,train
Bedroom-17101,train
Bedroom-7050,train
SecondBedroom-35143,train
MasterBedroom-9784,train
MasterBedroom-18842,train
MasterBedroom-8331,train
Bedroom-25711,train
Bedroom-34030,train
MasterBedroom-63341,train
Bedroom-1361,train
Bedroom-32115,train
Bedroom-86259,train
SecondBedroom-1762446,train
SecondBedroom-3382,train
Bedroom-2422,train
SecondBedroom-29711,train
Bedroom-7423,train
SecondBedroom-47822,train
MasterBedroom-251,train
MasterBedroom-9735,train
SecondBedroom-37944,train
SecondBedroom-33314,train
SecondBedroom-407,train
MasterBedroom-534980,val
MasterBedroom-31598,train
Bedroom-13645,train
Bedroom-9836,train
Bedroom-6820,train
MasterBedroom-10044,train
Bedroom-29738,train
Bedroom-1197,train
SecondBedroom-35477,test
Bedroom-2175,train
MasterBedroom-25212,train
MasterBedroom-37369,train
MasterBedroom-36010,train
Bedroom-7284,train
Bedroom-64106,train
Bedroom-1440,val
SecondBedroom-58474,train
Bedroom-232,train
MasterBedroom-3445,train
SecondBedroom-40748,train
SecondBedroom-47089,train
MasterBedroom-85660,val
SecondBedroom-106269,train
MasterBedroom-75082,train
SecondBedroom-8785,train
MasterBedroom-15985,train
MasterBedroom-19138,train
MasterBedroom-28784,train
MasterBedroom-9415,train
SecondBedroom-26472,train
Bedroom-12837,train
SecondBedroom-505,train
Bedroom-12514,train
Bedroom-3336,train
SecondBedroom-33041,train
SecondBedroom-92853,train
MasterBedroom-5794,train
Bedroom-12602,train
MasterBedroom-1814,val
SecondBedroom-33144,train
Bedroom-24581,train
MasterBedroom-4955,train
Bedroom-860,train
MasterBedroom-1512,train
Bedroom-39015,train
SecondBedroom-3914,train
MasterBedroom-52359,train
Bedroom-2604,train
MasterBedroom-3995,train
Bedroom-23278,train
SecondBedroom-18421,train
MasterBedroom-15538,train
MasterBedroom-21810,train
Bedroom-243932,train
MasterBedroom-32060,val
MasterBedroom-940,train
MasterBedroom-3202,train
SecondBedroom-185607,train
MasterBedroom-8393,train
MasterBedroom-240350,train
SecondBedroom-27455,train
Bedroom-191156,train
MasterBedroom-8427,train
MasterBedroom-29310,train
MasterBedroom-17855,train
SecondBedroom-82001,train
MasterBedroom-5522,train
SecondBedroom-15564,train
MasterBedroom-27352,train
SecondBedroom-3970,train
SecondBedroom-18403,train
MasterBedroom-44703,train
SecondBedroom-6182,test
SecondBedroom-76086,train
SecondBedroom-3873,train
SecondBedroom-740,train
MasterBedroom-39199,train
Bedroom-18317,train
SecondBedroom-17020,train
MasterBedroom-2605,train
MasterBedroom-22054,train
Bedroom-76307,train
Bedroom-6864,train
Bedroom-40071,train
Bedroom-156,train
Bedroom-152,train
MasterBedroom-30872,train
Bedroom-20829,train
SecondBedroom-11465,train
MasterBedroom-9119,train
MasterBedroom-20327,train
MasterBedroom-15911,val
MasterBedroom-9914,train
Bedroom-22264,train
MasterBedroom-5851,train
SecondBedroom-42478,train
SecondBedroom-16350,train
SecondBedroom-6295,train
SecondBedroom-18208,train
Bedroom-30440,train
SecondBedroom-25927,train
Bedroom-131,train
MasterBedroom-87130,train
SecondBedroom-8229,test
Bedroom-23984,train
SecondBedroom-24878,train
MasterBedroom-22676,train
MasterBedroom-836,train
MasterBedroom-31461,train
Bedroom-11435,train
SecondBedroom-17999,train
MasterBedroom-58491,train
MasterBedroom-20681,test
MasterBedroom-5872,train
MasterBedroom-29129,train
SecondBedroom-100315,train
Bedroom-20113,train
MasterBedroom-11734,train
Bedroom-4593,train
MasterBedroom-28940,train
MasterBedroom-8245,val
Bedroom-11388,train
MasterBedroom-40355,train
SecondBedroom-33345,train
MasterBedroom-18785,train
SecondBedroom-32096,train
SecondBedroom-6146,val
SecondBedroom-7359,train
MasterBedroom-5861,train
MasterBedroom-35445,train
Bedroom-268,train
MasterBedroom-2012,train
MasterBedroom-83934,train
Bedroom-23945,train
MasterBedroom-1303,train
MasterBedroom-13651,train
Bedroom-73888,train
MasterBedroom-4622,train
Bedroom-23600,train
MasterBedroom-20647,train
SecondBedroom-13413,train
SecondBedroom-278,train
MasterBedroom-50863,train
Bedroom-4604,train
MasterBedroom-2433,train
MasterBedroom-4104,train
MasterBedroom-11471,train
Bedroom-208700,test
Bedroom-11398,train
MasterBedroom-52171,train
SecondBedroom-17793,train
SecondBedroom-224930,train
MasterBedroom-820,train
SecondBedroom-4462,train
MasterBedroom-14707,train
Bedroom-855,train
MasterBedroom-33763,train
Bedroom-71366,train
MasterBedroom-12835,train
MasterBedroom-52848,train
SecondBedroom-6067,train
SecondBedroom-2833,train
MasterBedroom-34727,train
MasterBedroom-25667,train
Bedroom-5546,train
MasterBedroom-56783,train
MasterBedroom-42928,train
SecondBedroom-12923,train
MasterBedroom-19679,train
SecondBedroom-14518,train
Bedroom-44362,train
MasterBedroom-61839,train
Bedroom-127,train
MasterBedroom-13158,train
SecondBedroom-10357,train
SecondBedroom-17374,train
MasterBedroom-1167,train
SecondBedroom-18829,train
SecondBedroom-18314,train
SecondBedroom-2750,train
MasterBedroom-1054,train
SecondBedroom-42606,train
MasterBedroom-22424,train
MasterBedroom-63953,train
SecondBedroom-14942,train
SecondBedroom-12164,train
SecondBedroom-42209,train
Bedroom-59718,train
SecondBedroom-425,train
MasterBedroom-4026,train
Bedroom-5352,train
MasterBedroom-21566,train
SecondBedroom-4296,train
SecondBedroom-34825,val
MasterBedroom-54665,train
MasterBedroom-67795,train
MasterBedroom-2732,train
MasterBedroom-42698,train
SecondBedroom-25948,test
Bedroom-12965,train
MasterBedroom-2647,train
SecondBedroom-76,train
MasterBedroom-18220,train
MasterBedroom-51516,train
Bedroom-27284,train
MasterBedroom-8863,train
Bedroom-110,train
MasterBedroom-294,train
MasterBedroom-6588,train
MasterBedroom-35892,train
SecondBedroom-1776,train
SecondBedroom-79497,val
MasterBedroom-2504,train
SecondBedroom-61776,train
SecondBedroom-22111,train
Bedroom-72527,train
SecondBedroom-697,train
MasterBedroom-102878,train
MasterBedroom-72447,val
Bedroom-25069,train
Bedroom-14230,train
MasterBedroom-159368,train
SecondBedroom-41616,train
SecondBedroom-9587,train
MasterBedroom-2458,train
MasterBedroom-17000,train
Bedroom-12972,train
Bedroom-1861,train
MasterBedroom-5719,train
SecondBedroom-11456,train
SecondBedroom-2072,train
SecondBedroom-35395,train
MasterBedroom-8841,train
MasterBedroom-76124,val
MasterBedroom-23485,train
SecondBedroom-40706,train
MasterBedroom-468,train
MasterBedroom-31015,train
SecondBedroom-9392,train
MasterBedroom-64477,train
SecondBedroom-24115,test
SecondBedroom-8691,train
MasterBedroom-13145,train
SecondBedroom-4485,train
Bedroom-34622,train
MasterBedroom-25203,train
SecondBedroom-16436,train
Bedroom-22329,train
Bedroom-12169,train
SecondBedroom-13613,train
SecondBedroom-30248,train
MasterBedroom-48901,train
MasterBedroom-1180,train
SecondBedroom-19492,train
Bedroom-10696,train
Bedroom-2358,train
MasterBedroom-32234,train
MasterBedroom-1091,train
Bedroom-755,train
Bedroom-6922,train
SecondBedroom-19505,train
Bedroom-93,train
Bedroom-3098,train
Bedroom-9293,train
SecondBedroom-11216,train
SecondBedroom-153586,train
Bedroom-16786,test
MasterBedroom-1095,train
MasterBedroom-17139,train
SecondBedroom-3301,train
SecondBedroom-3246,train
SecondBedroom-176067,train
MasterBedroom-19251,train
Bedroom-34632,train
SecondBedroom-17932,train
MasterBedroom-448821,train
Bedroom-10503,train
Bedroom-14863,train
MasterBedroom-2303,train
Bedroom-56238,train
MasterBedroom-8546,train
MasterBedroom-2768,train
SecondBedroom-39603,test
SecondBedroom-58644,train
Bedroom-2671,train
SecondBedroom-3549,train
Bedroom-17410,train
SecondBedroom-12073,train
MasterBedroom-19994,train
Bedroom-30450,train
MasterBedroom-20856,train
MasterBedroom-52264,train
SecondBedroom-6879,train
MasterBedroom-13916,train
MasterBedroom-49544,train
Bedroom-19866,train
MasterBedroom-16944,train
SecondBedroom-30951,train
SecondBedroom-15967,train
MasterBedroom-10400,train
SecondBedroom-65696,train
MasterBedroom-10236,train
SecondBedroom-332,train
SecondBedroom-6462,val
SecondBedroom-6938,test
MasterBedroom-3073,train
SecondBedroom-37482,train
MasterBedroom-771,val
SecondBedroom-12582,train
MasterBedroom-15724,train
Bedroom-17452,val
SecondBedroom-44725,train
MasterBedroom-22855,train
Bedroom-10034,train
Bedroom-68754,train
MasterBedroom-10048,train
SecondBedroom-26863,val
MasterBedroom-26002,train
Bedroom-5388,train
MasterBedroom-27711,train
MasterBedroom-9445,train
MasterBedroom-15926,train
MasterBedroom-5292,train
MasterBedroom-17451,train
Bedroom-9192,train
SecondBedroom-67739,train
Bedroom-14516,train
MasterBedroom-39683,val
SecondBedroom-28815,train
Bedroom-19737,train
Bedroom-46540,train
Bedroom-4751,train
SecondBedroom-13987,train
Bedroom-367,train
SecondBedroom-18201,train
SecondBedroom-199664,train
SecondBedroom-2034,train
MasterBedroom-97223,train
SecondBedroom-6751,train
SecondBedroom-14305,train
MasterBedroom-1480,train
SecondBedroom-1849,train
SecondBedroom-36266,train
SecondBedroom-24733,train
MasterBedroom-42363,train
MasterBedroom-9786,train
MasterBedroom-50875,train
Bedroom-14989,train
SecondBedroom-33375,train
MasterBedroom-5328,train
MasterBedroom-16774,train
MasterBedroom-33231,train
MasterBedroom-2036,train
MasterBedroom-47889,train
Bedroom-214,train
SecondBedroom-12975,train
MasterBedroom-8206,train
Bedroom-507,train
MasterBedroom-1762,train
MasterBedroom-22965,train
SecondBedroom-37197,train
MasterBedroom-97964,train
MasterBedroom-26153,train
SecondBedroom-15676,train
MasterBedroom-8118,train
SecondBedroom-39559,train
SecondBedroom-102,train
SecondBedroom-5067,train
MasterBedroom-221,train
MasterBedroom-95193,train
Bedroom-137551,train
SecondBedroom-29739,train
MasterBedroom-52062,train
MasterBedroom-10543,train
SecondBedroom-1238,train
Bedroom-652,train
MasterBedroom-50482,train
MasterBedroom-18854,train
SecondBedroom-10884,train
MasterBedroom-31685,train
SecondBedroom-16583,train
SecondBedroom-151547,train
Bedroom-53,train
Bedroom-15473,train
Bedroom-7980,train
MasterBedroom-8787,train
MasterBedroom-27387,train
Bedroom-14550,train
SecondBedroom-23318,train
MasterBedroom-26081,train
MasterBedroom-18435,train
MasterBedroom-6169,train
SecondBedroom-1052,train
SecondBedroom-14227,train
Bedroom-71694,train
MasterBedroom-17461,train
Bedroom-44928,train
SecondBedroom-41119,train
MasterBedroom-23191,train
Bedroom-1395,train
Bedroom-18928,train
Bedroom-15706,train
MasterBedroom-34134,train
SecondBedroom-31759,test
Bedroom-1898,train
SecondBedroom-9632,train
MasterBedroom-4461,train
MasterBedroom-29514,train
SecondBedroom-1688,train
Bedroom-23858,train
MasterBedroom-64939,train
Bedroom-3082,train
MasterBedroom-1409,train
MasterBedroom-4067,val
Bedroom-13661,train
Bedroom-8031,train
Bedroom-89669,train
SecondBedroom-116295,train
Bedroom-222,train
Bedroom-3065,train
SecondBedroom-11596,train
SecondBedroom-14975,train
MasterBedroom-8283,train
SecondBedroom-35198,train
MasterBedroom-12131,train
SecondBedroom-11711,train
SecondBedroom-39915,train
Bedroom-10566,train
MasterBedroom-1503,train
SecondBedroom-5150,train
MasterBedroom-20402,train
SecondBedroom-12980,val
SecondBedroom-53256,train
MasterBedroom-6424,train
Bedroom-43042,train
Bedroom-10786,train
MasterBedroom-1071,train
Bedroom-12315,train
Bedroom-25945,train
SecondBedroom-22809,train
SecondBedroom-115910,train
Bedroom-12498,train
MasterBedroom-16874,train
Bedroom-109970,train
MasterBedroom-8266,train
MasterBedroom-9197,train
Bedroom-55017,train
Bedroom-2885,train
MasterBedroom-29214,train
Bedroom-2582,train
Bedroom-6506,train
MasterBedroom-10264,train
SecondBedroom-5355,train
SecondBedroom-1405,train
MasterBedroom-35489,train
MasterBedroom-169246,train
Bedroom-9255,train
MasterBedroom-26641,train
SecondBedroom-591,train
MasterBedroom-24635,train
SecondBedroom-60474,train
Bedroom-288,train
SecondBedroom-13869,train
MasterBedroom-30627,train
SecondBedroom-24256,train
SecondBedroom-52543,train
MasterBedroom-7854,train
MasterBedroom-10688,train
MasterBedroom-1158,train
Bedroom-28863,train
MasterBedroom-184355,train
SecondBedroom-1001,test
SecondBedroom-38398,train
MasterBedroom-2243,train
SecondBedroom-11132,train
SecondBedroom-5766,train
Bedroom-39649,train
SecondBedroom-85594,train
Bedroom-33100,train
Bedroom-39641,train
MasterBedroom-1901,train
SecondBedroom-6105,train
MasterBedroom-16029,train
MasterBedroom-1549,train
Bedroom-9265,train
MasterBedroom-15896,train
Bedroom-1005,train
MasterBedroom-14005,train
MasterBedroom-9433,train
MasterBedroom-11778,train
Bedroom-39186,train
SecondBedroom-6002,train
SecondBedroom-58860,train
MasterBedroom-12848,train
Bedroom-2471,train
SecondBedroom-16034,train
MasterBedroom-28179,train
SecondBedroom-8603,train
MasterBedroom-1102,train
MasterBedroom-71322,train
Bedroom-12281,train
SecondBedroom-579,train
SecondBedroom-120852,train
Bedroom-6482,train
Bedroom-19359,train
SecondBedroom-895,train
SecondBedroom-21470,train
SecondBedroom-1807,train
SecondBedroom-14246,train
SecondBedroom-244311,train
SecondBedroom-114156,train
MasterBedroom-5025,train
MasterBedroom-27787,train
Bedroom-17082,train
MasterBedroom-22766,train
MasterBedroom-29958,train
MasterBedroom-3054,train
MasterBedroom-11867,train
MasterBedroom-12108,train
Bedroom-1965,train
MasterBedroom-12046,train
SecondBedroom-15023,train
MasterBedroom-6943,train
SecondBedroom-4103,train
MasterBedroom-283,train
SecondBedroom-90826,train
MasterBedroom-10209,train
Bedroom-1109,train
SecondBedroom-1986,train
Bedroom-303113,train
MasterBedroom-78755,train
MasterBedroom-89427,train
Bedroom-15592,train
MasterBedroom-25034,train
Bedroom-116156,train
MasterBedroom-14257,train
SecondBedroom-19046,train
MasterBedroom-17635,train
MasterBedroom-1328,train
SecondBedroom-535020,train
MasterBedroom-24034,train
SecondBedroom-38515,train
Bedroom-32206,train
Bedroom-151327,train
SecondBedroom-25760,train
Bedroom-13709,train
MasterBedroom-40654,train
SecondBedroom-11462,train
Bedroom-258,train
SecondBedroom-27243,train
Bedroom-5501,train
MasterBedroom-9390,train
MasterBedroom-52550,train
MasterBedroom-5490,train
Bedroom-10573,test
MasterBedroom-15607,test
MasterBedroom-109910,train
Bedroom-6521,train
SecondBedroom-90886,train
SecondBedroom-164083,train
MasterBedroom-32484,train
SecondBedroom-17365,train
SecondBedroom-24866,val
MasterBedroom-108544,train
SecondBedroom-10225,train
MasterBedroom-1699,train
MasterBedroom-35272,train
MasterBedroom-146891,train
MasterBedroom-146184,train
Bedroom-8821,train
MasterBedroom-11254,train
SecondBedroom-18194,train
SecondBedroom-5349,train
MasterBedroom-12445,train
MasterBedroom-1433,train
Bedroom-4459,train
MasterBedroom-244,train
MasterBedroom-11832,train
SecondBedroom-1689,train
SecondBedroom-15800,train
Bedroom-275,train
Bedroom-45428,train
SecondBedroom-304,train
MasterBedroom-2661,train
SecondBedroom-104672,train
Bedroom-27924,train
SecondBedroom-551,train
Bedroom-66596,train
SecondBedroom-12618,train
SecondBedroom-59274,train
MasterBedroom-28057,train
Bedroom-6012,train
Bedroom-28486,train
SecondBedroom-30632,train
Bedroom-34319,train
SecondBedroom-1419,train
SecondBedroom-12430,train
SecondBedroom-60357,train
Bedroom-466,train
Bedroom-2257,train
MasterBedroom-65728,train
MasterBedroom-1458,train
SecondBedroom-3022,train
SecondBedroom-7697,train
MasterBedroom-6488,train
Bedroom-5666,train
MasterBedroom-1903,train
MasterBedroom-1762595,train
Bedroom-12991,train
SecondBedroom-30549,train
MasterBedroom-12988,train
Bedroom-422,train
MasterBedroom-271170,train
MasterBedroom-5536,train
MasterBedroom-573,train
MasterBedroom-13131,train
MasterBedroom-8821,train
SecondBedroom-67182,train
Bedroom-56319,train
SecondBedroom-11974,train
Bedroom-20594,train
SecondBedroom-152,val
MasterBedroom-18203,train
SecondBedroom-23506,train
Bedroom-70517,train
Bedroom-101913,train
SecondBedroom-932,train
SecondBedroom-33650,train
SecondBedroom-51399,train
SecondBedroom-819,train
MasterBedroom-95003,train
Bedroom-3653,train
MasterBedroom-604,test
SecondBedroom-4588,train
MasterBedroom-9984,train
MasterBedroom-18739,train
SecondBedroom-1074,train
MasterBedroom-11301,val
MasterBedroom-39086,train
SecondBedroom-8548,train
MasterBedroom-40514,train
MasterBedroom-5478,train
MasterBedroom-946,train
Bedroom-22479,train
SecondBedroom-7347,train
SecondBedroom-11757,train
MasterBedroom-13590,train
Bedroom-90564,train
Bedroom-57639,train
Bedroom-2301,train
Bedroom-5237,train
Bedroom-46678,train
Bedroom-13907,train
Bedroom-17515,train
Bedroom-29482,train
MasterBedroom-9380,train
MasterBedroom-30468,train
MasterBedroom-11259,train
Bedroom-6019,train
Bedroom-2251,train
MasterBedroom-21463,train
SecondBedroom-15319,train
MasterBedroom-10682,train
SecondBedroom-16492,train
MasterBedroom-10013,train
MasterBedroom-13199,train
MasterBedroom-30923,train
Bedroom-10811,train
Bedroom-6792,val
Bedroom-4544,train
Bedroom-67985,test
MasterBedroom-4830,train
MasterBedroom-73294,train
Bedroom-10749,train
MasterBedroom-20614,train
Bedroom-1695,train
SecondBedroom-15424,train
SecondBedroom-1607,train
MasterBedroom-34223,val
SecondBedroom-12217,train
MasterBedroom-783,train
SecondBedroom-62406,train
SecondBedroom-7811,train
Bedroom-300,train
MasterBedroom-892,train
SecondBedroom-160421,train
SecondBedroom-1955,train
SecondBedroom-624,train
MasterBedroom-16095,train
SecondBedroom-23730,train
SecondBedroom-7619,train
MasterBedroom-45577,train
MasterBedroom-41884,train
MasterBedroom-49863,train
SecondBedroom-46845,train
SecondBedroom-12139,train
SecondBedroom-2966,train
MasterBedroom-13683,train
MasterBedroom-2632,train
MasterBedroom-4746,train
Bedroom-33611,train
MasterBedroom-46749,train
MasterBedroom-41970,train
SecondBedroom-22166,train
Bedroom-6376,train
MasterBedroom-6682,train
MasterBedroom-3635,train
MasterBedroom-402,train
Bedroom-191,train
Bedroom-7773,val
Bedroom-12574,train
MasterBedroom-4008,train
MasterBedroom-34104,train
Bedroom-30701,train
SecondBedroom-8840,train
Bedroom-1433,train
MasterBedroom-16793,train
MasterBedroom-16132,train
MasterBedroom-7208,train
MasterBedroom-60232,train
SecondBedroom-6135,train
SecondBedroom-30670,train
Bedroom-1155,train
SecondBedroom-33218,train
Bedroom-5097,train
SecondBedroom-37702,train
SecondBedroom-33705,train
Bedroom-10367,train
Bedroom-11063,train
MasterBedroom-7226,test
SecondBedroom-1255,train
MasterBedroom-16187,train
Bedroom-4584,train
SecondBedroom-1020,train
MasterBedroom-26744,train
MasterBedroom-73093,train
SecondBedroom-10141,train
SecondBedroom-12680,train
SecondBedroom-762,train
SecondBedroom-4739,train
MasterBedroom-6803,train
SecondBedroom-8820,train
MasterBedroom-7113,train
SecondBedroom-94646,train
Bedroom-20944,train
Bedroom-12129,train
MasterBedroom-1003,val
Bedroom-21938,train
Bedroom-168,train
MasterBedroom-541,train
SecondBedroom-7873,train
MasterBedroom-199,train
SecondBedroom-9255,train
Bedroom-69416,train
SecondBedroom-85409,train
SecondBedroom-16638,train
Bedroom-12094,train
SecondBedroom-45042,train
MasterBedroom-7098,train
MasterBedroom-31474,train
MasterBedroom-28921,train
Bedroom-9835,train
Bedroom-589,train
MasterBedroom-7524,train
MasterBedroom-89411,train
Bedroom-73234,test
Bedroom-16315,train
MasterBedroom-6635,test
MasterBedroom-12805,train
Bedroom-20073,train
Bedroom-9508,train
SecondBedroom-20253,train
MasterBedroom-23674,train
MasterBedroom-9326,train
MasterBedroom-3149,val
SecondBedroom-22408,train
MasterBedroom-203,train
SecondBedroom-1916,train
MasterBedroom-89243,train
SecondBedroom-5509,train
Bedroom-26648,train
SecondBedroom-2984,train
MasterBedroom-2153,train
MasterBedroom-4198,train
SecondBedroom-1044,test
MasterBedroom-11294,train
MasterBedroom-6737,train
MasterBedroom-3128,train
Bedroom-50925,train
MasterBedroom-7997,train
SecondBedroom-25837,train
Bedroom-52396,train
MasterBedroom-12873,train
MasterBedroom-54633,train
SecondBedroom-258,train
MasterBedroom-24539,train
MasterBedroom-8179,train
Bedroom-11504,train
Bedroom-35912,train
MasterBedroom-1624,train
Bedroom-7968,train
MasterBedroom-8798,train
SecondBedroom-7317,test
MasterBedroom-77395,train
SecondBedroom-21482,train
Bedroom-5988,train
Bedroom-1181,train
MasterBedroom-952,test
MasterBedroom-24711,train
SecondBedroom-2131,val
SecondBedroom-47691,train
SecondBedroom-9574,train
MasterBedroom-26273,train
SecondBedroom-113391,train
SecondBedroom-12861,train
Bedroom-10854,train
SecondBedroom-7736,train
MasterBedroom-26413,train
MasterBedroom-11650,train
SecondBedroom-1670,train
SecondBedroom-11545,train
MasterBedroom-29105,train
SecondBedroom-26029,train
Bedroom-2246,train
SecondBedroom-6070,train
MasterBedroom-33650,train
Bedroom-21829,train
Bedroom-734,train
MasterBedroom-16935,train
Bedroom-29727,train
MasterBedroom-21019,train
MasterBedroom-27377,test
Bedroom-3755,train
SecondBedroom-10070,test
Bedroom-3652,train
SecondBedroom-108747,train
Bedroom-7832,train
MasterBedroom-8388,train
SecondBedroom-104740,train
SecondBedroom-12671,train
SecondBedroom-22431,train
MasterBedroom-17259,train
SecondBedroom-2906,train
SecondBedroom-1727,train
MasterBedroom-4922,train
MasterBedroom-10650,train
Bedroom-47580,train
MasterBedroom-11888,train
SecondBedroom-9823,train
MasterBedroom-45245,train
Bedroom-5315,train
MasterBedroom-24725,train
Bedroom-85414,train
MasterBedroom-17213,train
SecondBedroom-6704,train
Bedroom-2075,train
MasterBedroom-10862,train
SecondBedroom-117427,train
MasterBedroom-8164,train
SecondBedroom-32294,train
SecondBedroom-26399,train
Bedroom-44526,train
MasterBedroom-7143,train
SecondBedroom-40604,train
MasterBedroom-816,train
MasterBedroom-13968,train
SecondBedroom-32869,train
SecondBedroom-76776,train
MasterBedroom-53789,train
SecondBedroom-32163,train
Bedroom-35900,train
MasterBedroom-12177,train
MasterBedroom-2976,train
SecondBedroom-1056,train
Bedroom-18950,train
Bedroom-16260,train
SecondBedroom-45973,train
SecondBedroom-13995,train
SecondBedroom-110053,train
MasterBedroom-40642,train
Bedroom-100768,train
MasterBedroom-22459,train
Bedroom-167264,train
MasterBedroom-29148,train
Bedroom-61862,train
Bedroom-119,train
SecondBedroom-32099,train
MasterBedroom-15334,train
MasterBedroom-157649,train
Bedroom-8607,train
SecondBedroom-2330,train
SecondBedroom-168,train
MasterBedroom-15409,train
SecondBedroom-4082,train
MasterBedroom-19189,train
MasterBedroom-24397,train
MasterBedroom-1150,train
Bedroom-22018,train
SecondBedroom-116989,val
SecondBedroom-5052,train
SecondBedroom-2260,train
MasterBedroom-11058,train
MasterBedroom-2514,train
SecondBedroom-50464,val
MasterBedroom-1962,train
SecondBedroom-5044,test
SecondBedroom-15823,train
SecondBedroom-270847,train
SecondBedroom-27642,train
SecondBedroom-94626,train
Bedroom-17674,train
SecondBedroom-103441,train
Bedroom-27871,train
Bedroom-17464,train
Bedroom-12659,train
SecondBedroom-390,train
Bedroom-13741,train
Bedroom-13921,train
SecondBedroom-1427,train
SecondBedroom-2176,train
Bedroom-16813,train
SecondBedroom-14861,train
Bedroom-51292,train
MasterBedroom-10501,train
SecondBedroom-89491,train
MasterBedroom-3270,train
SecondBedroom-8016,train
SecondBedroom-6500,train
MasterBedroom-8520,train
MasterBedroom-78759,train
MasterBedroom-2377,train
MasterBedroom-25762,train
SecondBedroom-17616,train
MasterBedroom-535,train
MasterBedroom-7940,train
Bedroom-33711,train
SecondBedroom-629,train
SecondBedroom-3449,train
Bedroom-274,train
SecondBedroom-22622,train
Bedroom-1093,train
MasterBedroom-17609,train
MasterBedroom-3124,train
Bedroom-24730,train
Bedroom-7783,train
Bedroom-233,train
Bedroom-30225,train
SecondBedroom-1116,val
SecondBedroom-26156,train
SecondBedroom-270406,train
MasterBedroom-2401,train
SecondBedroom-392,test
SecondBedroom-28761,train
SecondBedroom-3777,train
SecondBedroom-38244,train
SecondBedroom-1804,train
Bedroom-13499,train
MasterBedroom-304,train
SecondBedroom-17567,train
Bedroom-5165,train
Bedroom-30773,train
SecondBedroom-27519,train
SecondBedroom-116544,train
MasterBedroom-18093,train
Bedroom-87733,train
SecondBedroom-46764,train
SecondBedroom-44692,train
Bedroom-1285,train
MasterBedroom-45873,train
Bedroom-3753,train
SecondBedroom-1622,train
SecondBedroom-58732,train
MasterBedroom-475,train
SecondBedroom-35859,train
MasterBedroom-427,train
MasterBedroom-22066,train
SecondBedroom-6818,train
MasterBedroom-59528,train
SecondBedroom-3776,train
SecondBedroom-30221,train
MasterBedroom-33631,train
SecondBedroom-56936,train
MasterBedroom-235420,train
SecondBedroom-127291,train
SecondBedroom-32005,train
Bedroom-74104,train
Bedroom-1833,train
MasterBedroom-29010,train
MasterBedroom-441,train
Bedroom-47196,train
SecondBedroom-68695,train
MasterBedroom-17138,train
Bedroom-18781,train
Bedroom-634,train
SecondBedroom-1443,train
MasterBedroom-2763,train
Bedroom-5073,train
Bedroom-11538,train
Bedroom-16110,train
SecondBedroom-12024,train
SecondBedroom-64303,train
MasterBedroom-2940,test
MasterBedroom-9360,train
SecondBedroom-1756,train
MasterBedroom-12579,train
MasterBedroom-3191,train
Bedroom-24337,train
MasterBedroom-83604,train
SecondBedroom-54502,train
MasterBedroom-71742,train
Bedroom-28019,train
SecondBedroom-1891,train
MasterBedroom-39571,train
SecondBedroom-12633,train
Bedroom-343,train
Bedroom-5998,train
MasterBedroom-16178,train
MasterBedroom-13040,test
SecondBedroom-21233,test
Bedroom-13655,train
MasterBedroom-57920,train
Bedroom-4521,train
SecondBedroom-14726,train
MasterBedroom-14208,test
Bedroom-3801,train
SecondBedroom-9126,train
MasterBedroom-35172,train
SecondBedroom-110849,train
Bedroom-2662,train
MasterBedroom-36745,train
SecondBedroom-31291,train
SecondBedroom-585,train
SecondBedroom-29217,train
SecondBedroom-8010,train
SecondBedroom-1435,train
Bedroom-3313,train
Bedroom-1403,train
SecondBedroom-50507,train
MasterBedroom-9810,train
MasterBedroom-3500,train
Bedroom-1394,train
MasterBedroom-5467,train
MasterBedroom-151442,train
SecondBedroom-8350,train
MasterBedroom-36749,train
MasterBedroom-56165,train
Bedroom-1983,train
MasterBedroom-12519,train
MasterBedroom-27443,train
Bedroom-65,train
Bedroom-1213,train
Bedroom-29697,train
MasterBedroom-32955,train
MasterBedroom-25773,train
MasterBedroom-97178,train
Bedroom-22004,train
Bedroom-27600,train
MasterBedroom-50988,train
MasterBedroom-15017,train
Bedroom-41542,train
MasterBedroom-30526,train
MasterBedroom-10670,train
Bedroom-16446,train
MasterBedroom-25619,train
SecondBedroom-2308,train
MasterBedroom-28862,train
Bedroom-73409,train
SecondBedroom-107545,train
Bedroom-21273,train
MasterBedroom-31419,train
MasterBedroom-9093,train
Bedroom-208237,train
SecondBedroom-13577,train
MasterBedroom-37265,train
Bedroom-2976,train
SecondBedroom-268980,test
SecondBedroom-23254,train
MasterBedroom-14958,train
MasterBedroom-35145,train
SecondBedroom-137783,train
Bedroom-1889,train
MasterBedroom-22824,train
MasterBedroom-45642,train
SecondBedroom-28201,train
Bedroom-6248,train
MasterBedroom-3138,test
SecondBedroom-909,train
Bedroom-217,train
MasterBedroom-20685,train
Bedroom-70996,train
Bedroom-17331,train
SecondBedroom-57811,train
MasterBedroom-9298,train
MasterBedroom-13508,train
MasterBedroom-30566,train
MasterBedroom-9875,train
Bedroom-19428,train
SecondBedroom-43866,train
MasterBedroom-99,train
SecondBedroom-32832,test
SecondBedroom-1143,train
SecondBedroom-10321,train
MasterBedroom-50407,train
SecondBedroom-45070,train
MasterBedroom-56793,train
SecondBedroom-1310,train
SecondBedroom-25260,train
SecondBedroom-1360,val
Bedroom-73620,train
MasterBedroom-11106,train
SecondBedroom-67009,train
SecondBedroom-17587,train
SecondBedroom-37984,train
Bedroom-19328,train
Bedroom-46918,train
Bedroom-3743,train
SecondBedroom-394,train
Bedroom-2207,train
SecondBedroom-34703,train
Bedroom-8139,train
MasterBedroom-1016,train
SecondBedroom-1082,train
MasterBedroom-2689,train
MasterBedroom-17431,train
MasterBedroom-81302,train
MasterBedroom-118537,train
Bedroom-26089,train
Bedroom-27402,train
MasterBedroom-2604,train
SecondBedroom-7287,train
Bedroom-35152,train
MasterBedroom-19102,train
MasterBedroom-15307,train
SecondBedroom-15597,train
MasterBedroom-18161,train
MasterBedroom-2371,train
Bedroom-20037,train
MasterBedroom-20760,train
Bedroom-74627,train
Bedroom-366,train
SecondBedroom-58410,train
MasterBedroom-707,train
MasterBedroom-17212,train
Bedroom-10640,train
SecondBedroom-8873,train
MasterBedroom-3147,test
SecondBedroom-100131,train
SecondBedroom-10078,train
SecondBedroom-31129,train
Bedroom-4631,train
MasterBedroom-29660,train
MasterBedroom-949,train
Bedroom-27855,train
MasterBedroom-9460,train
MasterBedroom-5547,train
MasterBedroom-12123,train
MasterBedroom-12755,train
Bedroom-647,train
MasterBedroom-6075,train
Bedroom-1892,train
Bedroom-22145,train
MasterBedroom-5874,train
Bedroom-29147,train
MasterBedroom-12360,train
MasterBedroom-21002,train
MasterBedroom-575,train
SecondBedroom-52686,train
Bedroom-15247,train
SecondBedroom-31187,train
SecondBedroom-313,train
SecondBedroom-108917,train
MasterBedroom-11202,train
SecondBedroom-14527,train
SecondBedroom-898,train
SecondBedroom-889,train
MasterBedroom-75042,train
MasterBedroom-534,train
SecondBedroom-59715,train
MasterBedroom-32121,train
SecondBedroom-13208,train
SecondBedroom-6621,train
MasterBedroom-3903,train
SecondBedroom-13159,test
MasterBedroom-241,train
SecondBedroom-9667,train
SecondBedroom-9321,train
MasterBedroom-1170,train
MasterBedroom-16138,train
Bedroom-97983,train
SecondBedroom-2874,test
Bedroom-53458,train
MasterBedroom-2805,train
MasterBedroom-3510,train
Bedroom-27213,train
Bedroom-248,train
SecondBedroom-174,train
MasterBedroom-21582,val
Bedroom-38049,train
Bedroom-12109,train
SecondBedroom-34058,train
MasterBedroom-17233,train
MasterBedroom-16174,train
MasterBedroom-12441,val
SecondBedroom-22620,train
MasterBedroom-4256,train
MasterBedroom-42336,train
MasterBedroom-2435,train
Bedroom-6033,train
MasterBedroom-34597,train
SecondBedroom-5710,train
Bedroom-19731,train
SecondBedroom-83138,train
MasterBedroom-505,train
MasterBedroom-13694,train
SecondBedroom-5571,train
SecondBedroom-16777,train
Bedroom-3027,train
MasterBedroom-16024,train
Bedroom-82273,train
SecondBedroom-30652,train
MasterBedroom-9477,train
MasterBedroom-871,train
SecondBedroom-40906,train
Bedroom-146,train
Bedroom-9314,train
MasterBedroom-51236,train
SecondBedroom-107766,train
MasterBedroom-27045,test
SecondBedroom-1313,train
Bedroom-16379,train
Bedroom-16148,train
MasterBedroom-21392,train
Bedroom-23983,train
Bedroom-207892,train
MasterBedroom-26128,train
Bedroom-16717,train
Bedroom-113,train
SecondBedroom-67719,train
Bedroom-21185,train
Bedroom-5699,train
MasterBedroom-1282,train
Bedroom-25411,train
SecondBedroom-10142,train
MasterBedroom-4651,train
MasterBedroom-144863,train
MasterBedroom-8909,train
SecondBedroom-35405,train
SecondBedroom-2393,train
MasterBedroom-9702,train
SecondBedroom-1309,train
MasterBedroom-2721,train
SecondBedroom-69015,train
SecondBedroom-2049,train
Bedroom-252,train
SecondBedroom-24363,train
Bedroom-6294,test
Bedroom-16403,train
MasterBedroom-8184,train
SecondBedroom-18032,train
SecondBedroom-3031,train
MasterBedroom-38660,train
SecondBedroom-6519,train
MasterBedroom-8645,train
Bedroom-369,train
MasterBedroom-39095,train
Bedroom-14292,train
MasterBedroom-63855,train
MasterBedroom-16561,train
SecondBedroom-144825,train
MasterBedroom-10156,train
SecondBedroom-32567,train
SecondBedroom-37249,train
Bedroom-251,train
MasterBedroom-62315,train
MasterBedroom-29555,train
SecondBedroom-26881,train
Bedroom-13255,train
SecondBedroom-72827,train
SecondBedroom-8739,train
MasterBedroom-52699,train
MasterBedroom-102143,train
SecondBedroom-7004,train
Bedroom-31435,train
MasterBedroom-11688,train
SecondBedroom-4214,train
MasterBedroom-6069,train
MasterBedroom-13645,train
MasterBedroom-20425,train
Bedroom-362,train
MasterBedroom-30521,train
Bedroom-3435,train
Bedroom-33476,train
MasterBedroom-364,train
SecondBedroom-41859,train
MasterBedroom-6762,train
Bedroom-5740,train
Bedroom-8646,train
MasterBedroom-16950,train
MasterBedroom-1504,train
SecondBedroom-307,train
Bedroom-160646,train
SecondBedroom-98122,train
SecondBedroom-35832,train
MasterBedroom-46271,train
Bedroom-90068,train
Bedroom-7143,train
SecondBedroom-149130,train
Bedroom-312023,train
MasterBedroom-6074,train
Bedroom-455,val
MasterBedroom-101566,train
MasterBedroom-8333,train
MasterBedroom-9141,train
MasterBedroom-42650,train
SecondBedroom-19241,train
MasterBedroom-10891,train
Bedroom-1971,train
SecondBedroom-12902,train
SecondBedroom-13493,train
SecondBedroom-24855,train
Bedroom-23003,train
Bedroom-3107,train
Bedroom-13343,train
MasterBedroom-27414,test
Bedroom-241,train
SecondBedroom-22936,val
MasterBedroom-10895,train
MasterBedroom-25927,train
Bedroom-1705,train
SecondBedroom-8325,train
Bedroom-60068,train
SecondBedroom-1083,train
Bedroom-5799,train
MasterBedroom-23278,train
SecondBedroom-35011,train
SecondBedroom-32722,train
MasterBedroom-3786,train
Bedroom-219,train
MasterBedroom-7269,train
SecondBedroom-16272,train
Bedroom-2042,train
MasterBedroom-3135,train
MasterBedroom-110518,train
MasterBedroom-4930,train
SecondBedroom-16154,train
Bedroom-68021,train
MasterBedroom-24067,train
Bedroom-21016,train
MasterBedroom-246,train
MasterBedroom-22072,train
Bedroom-12257,train
SecondBedroom-64669,train
MasterBedroom-5934,train
SecondBedroom-18088,train
MasterBedroom-32217,train
SecondBedroom-6026,train
Bedroom-32729,train
Bedroom-3535,train
MasterBedroom-29109,train
MasterBedroom-109742,train
MasterBedroom-41349,train
MasterBedroom-2820,train
Bedroom-2876,train
SecondBedroom-44058,train
SecondBedroom-21651,train
MasterBedroom-7562,train
MasterBedroom-13622,train
MasterBedroom-17289,train
MasterBedroom-128453,train
SecondBedroom-26340,train
Bedroom-263,train
MasterBedroom-10019,train
Bedroom-14276,train
SecondBedroom-92373,train
SecondBedroom-18175,train
SecondBedroom-7682,train
SecondBedroom-52968,val
MasterBedroom-19001,train
Bedroom-14265,test
MasterBedroom-7594,train
MasterBedroom-20828,train
Bedroom-10342,train
SecondBedroom-15353,train
SecondBedroom-11035,train
Bedroom-62451,train
Bedroom-5021,train
Bedroom-437,train
MasterBedroom-4340,train
SecondBedroom-100095,train
MasterBedroom-11557,train
MasterBedroom-35124,train
SecondBedroom-17779,train
MasterBedroom-15235,test
MasterBedroom-9227,train
SecondBedroom-20973,train
SecondBedroom-57261,train
MasterBedroom-192,train
MasterBedroom-9682,val
Bedroom-35225,train
SecondBedroom-72478,train
SecondBedroom-26550,train
Bedroom-10348,train
MasterBedroom-5792,train
SecondBedroom-1983,train
MasterBedroom-2924,train
Bedroom-16443,train
MasterBedroom-52661,train
MasterBedroom-8686,train
SecondBedroom-27869,train
Bedroom-1658,train
SecondBedroom-25214,train
MasterBedroom-25729,train
SecondBedroom-13679,train
Bedroom-21840,train
SecondBedroom-57298,train
SecondBedroom-1216517,train
Bedroom-24692,train
MasterBedroom-11523,train
MasterBedroom-19957,train
Bedroom-421,train
MasterBedroom-15019,train
MasterBedroom-14637,train
Bedroom-166575,test
SecondBedroom-33263,train
SecondBedroom-13764,train
Bedroom-126560,train
Bedroom-67585,train
MasterBedroom-21186,train
Bedroom-388,train
Bedroom-56809,train
Bedroom-23604,train
Bedroom-1937,train
MasterBedroom-12767,train
SecondBedroom-121249,test
MasterBedroom-18427,train
MasterBedroom-13842,train
MasterBedroom-8605,train
MasterBedroom-15718,train
SecondBedroom-28725,train
MasterBedroom-1008,train
MasterBedroom-54525,train
MasterBedroom-71130,train
MasterBedroom-58737,train
SecondBedroom-30001,train
SecondBedroom-14072,train
SecondBedroom-16823,train
MasterBedroom-42449,train
SecondBedroom-9725,train
Bedroom-23021,train
Bedroom-8226,train
MasterBedroom-14739,train
SecondBedroom-48703,train
SecondBedroom-9931,val
MasterBedroom-7042,train
SecondBedroom-6793,train
SecondBedroom-25830,train
Bedroom-18862,test
MasterBedroom-621,train
MasterBedroom-6532,train
MasterBedroom-70714,train
Bedroom-142430,train
MasterBedroom-4145,train
MasterBedroom-34464,train
MasterBedroom-73119,train
MasterBedroom-71103,train
SecondBedroom-129545,train
Bedroom-11819,train
MasterBedroom-10659,train
SecondBedroom-46,train
MasterBedroom-13144,train
SecondBedroom-1763082,train
Bedroom-29834,train
Bedroom-97,train
MasterBedroom-13262,train
MasterBedroom-38383,train
Bedroom-119686,train
MasterBedroom-32589,train
Bedroom-2706,train
MasterBedroom-26003,train
Bedroom-1023424,train
SecondBedroom-88275,train
SecondBedroom-8341,train
Bedroom-3894,train
MasterBedroom-13978,test
MasterBedroom-28090,test
SecondBedroom-5466,train
MasterBedroom-141250,train
MasterBedroom-24161,train
Bedroom-32636,train
MasterBedroom-6295,train
Bedroom-51228,train
MasterBedroom-26618,train
SecondBedroom-51334,train
MasterBedroom-20881,train
SecondBedroom-22416,train
SecondBedroom-13211,train
Bedroom-48166,train
SecondBedroom-19482,train
Bedroom-17761,train
MasterBedroom-35458,train
MasterBedroom-682,train
MasterBedroom-1056,train
MasterBedroom-14481,train
SecondBedroom-14567,train
SecondBedroom-33477,train
Bedroom-563,train
Bedroom-26447,train
Bedroom-7588,train
Bedroom-4321,train
MasterBedroom-49820,train
Bedroom-29839,train
MasterBedroom-7982,train
SecondBedroom-675666,train
MasterBedroom-9557,train
Bedroom-62184,train
Bedroom-10740,train
MasterBedroom-14201,train
Bedroom-10080,train
Bedroom-4744,train
Bedroom-2765,train
Bedroom-2165,train
MasterBedroom-52196,train
Bedroom-1738,train
Bedroom-1862,train
SecondBedroom-879,train
Bedroom-62619,train
Bedroom-33448,train
SecondBedroom-15642,train
MasterBedroom-29378,train
MasterBedroom-3258,train
MasterBedroom-12524,train
Bedroom-539,train
MasterBedroom-52711,train
SecondBedroom-218174,train
SecondBedroom-1132,train
SecondBedroom-22054,train
Bedroom-614,train
Bedroom-65398,train
Bedroom-149,train
MasterBedroom-13487,train
Bedroom-2235,train
MasterBedroom-24596,train
MasterBedroom-17160,train
MasterBedroom-42913,train
Bedroom-6694,train
MasterBedroom-4847,train
SecondBedroom-3150,train
SecondBedroom-41025,train
Bedroom-3410,train
MasterBedroom-67446,train
MasterBedroom-261,train
SecondBedroom-15946,train
MasterBedroom-8545,train
MasterBedroom-13519,train
MasterBedroom-1672,train
Bedroom-75916,train
MasterBedroom-32109,train
MasterBedroom-13947,train
MasterBedroom-44572,train
MasterBedroom-35072,train
Bedroom-13686,train
MasterBedroom-1543,train
SecondBedroom-38613,train
Bedroom-3372,train
MasterBedroom-13855,train
SecondBedroom-46591,test
SecondBedroom-16837,train
MasterBedroom-163174,train
Bedroom-32287,train
MasterBedroom-14406,val
Bedroom-70215,train
SecondBedroom-15120,train
SecondBedroom-3545,val
Bedroom-1137,train
MasterBedroom-48054,train
MasterBedroom-5452,train
Bedroom-20673,train
Bedroom-764,train
Bedroom-83361,train
Bedroom-12922,train
SecondBedroom-13296,train
SecondBedroom-1684,train
SecondBedroom-6425,train
Bedroom-22027,train
SecondBedroom-28894,train
Bedroom-1740,train
Bedroom-64841,train
SecondBedroom-23036,train
MasterBedroom-13327,train
SecondBedroom-14981,train
Bedroom-6866,train
MasterBedroom-8571,train
SecondBedroom-46451,train
SecondBedroom-16269,train
MasterBedroom-79213,train
Bedroom-13327,train
SecondBedroom-1028,train
SecondBedroom-10251,train
MasterBedroom-33506,train
Bedroom-57748,train
Bedroom-583,train
MasterBedroom-13614,train
Bedroom-20752,train
SecondBedroom-151735,train
Bedroom-8507,val
SecondBedroom-5506,train
MasterBedroom-109317,train
SecondBedroom-81245,train
SecondBedroom-6442,train
SecondBedroom-7053,train
MasterBedroom-1801,train
MasterBedroom-8791,train
MasterBedroom-64701,train
MasterBedroom-784,train
SecondBedroom-1862,train
MasterBedroom-7326,train
MasterBedroom-391,train
MasterBedroom-114213,train
Bedroom-338,train
MasterBedroom-47111,train
SecondBedroom-5810,train
Bedroom-169,train
MasterBedroom-10340,train
MasterBedroom-33922,train
SecondBedroom-46456,train
MasterBedroom-13597,train
Bedroom-1715,train
Bedroom-7022,train
Bedroom-559,train
SecondBedroom-218199,train
MasterBedroom-4384,train
Bedroom-8024,train
Bedroom-17592,train
MasterBedroom-5403,train
SecondBedroom-5373,train
MasterBedroom-10724,train
SecondBedroom-11322,train
SecondBedroom-40617,train
MasterBedroom-2294,train
MasterBedroom-77770,train
MasterBedroom-30165,train
MasterBedroom-45353,train
SecondBedroom-21312,train
SecondBedroom-140603,train
MasterBedroom-38741,train
SecondBedroom-9498,train
Bedroom-12012,test
SecondBedroom-5683,train
MasterBedroom-29284,train
MasterBedroom-6344,train
MasterBedroom-29731,train
Bedroom-272,train
Bedroom-13131,train
Bedroom-1611,train
MasterBedroom-33062,train
MasterBedroom-20569,train
Bedroom-17436,train
MasterBedroom-369,train
MasterBedroom-16811,train
SecondBedroom-1148,train
MasterBedroom-12178,train
SecondBedroom-19608,train
SecondBedroom-1885,train
MasterBedroom-8221,train
MasterBedroom-18771,train
MasterBedroom-91021,train
MasterBedroom-57384,train
SecondBedroom-49012,train
Bedroom-38342,train
Bedroom-16036,train
SecondBedroom-21363,train
Bedroom-2005,train
MasterBedroom-6613,train
MasterBedroom-1448,train
Bedroom-48850,train
Bedroom-3153,train
MasterBedroom-4381,train
SecondBedroom-1059,train
SecondBedroom-534911,val
MasterBedroom-32008,train
Bedroom-495,train
SecondBedroom-1065,train
SecondBedroom-22522,train
SecondBedroom-12046,train
Bedroom-75036,train
SecondBedroom-37378,train
MasterBedroom-35288,train
MasterBedroom-67468,train
MasterBedroom-23705,train
Bedroom-12891,train
MasterBedroom-57730,train
Bedroom-28089,train
MasterBedroom-57483,train
MasterBedroom-56404,train
MasterBedroom-1376,train
Bedroom-3742,train
MasterBedroom-12534,train
Bedroom-39690,train
SecondBedroom-7863,train
Bedroom-17634,train
MasterBedroom-112394,train
Bedroom-29631,train
Bedroom-163574,train
Bedroom-83360,train
MasterBedroom-20015,train
Bedroom-25940,train
MasterBedroom-74514,train
SecondBedroom-555,train
Bedroom-35975,train
MasterBedroom-9688,train
Bedroom-8481,train
Bedroom-36373,train
SecondBedroom-45271,train
SecondBedroom-4514,train
SecondBedroom-5877,train
Bedroom-29259,train
MasterBedroom-29275,train
SecondBedroom-274,val
MasterBedroom-237,train
Bedroom-11907,train
Bedroom-4142,train
MasterBedroom-1065,train
SecondBedroom-992,train
Bedroom-2878,train
MasterBedroom-131194,train
SecondBedroom-68005,train
MasterBedroom-3247,train
SecondBedroom-110921,train
SecondBedroom-9038,train
SecondBedroom-417,train
MasterBedroom-49524,train
MasterBedroom-6775,train
SecondBedroom-1314,train
MasterBedroom-8696,train
Bedroom-8660,train
MasterBedroom-1709,train
Bedroom-373,train
SecondBedroom-12408,train
MasterBedroom-3732,train
MasterBedroom-41963,train
MasterBedroom-58885,train
SecondBedroom-1791,train
SecondBedroom-431,train
MasterBedroom-1692,train
SecondBedroom-31876,train
MasterBedroom-93966,train
MasterBedroom-25936,train
MasterBedroom-6656,train
Bedroom-31405,train
SecondBedroom-15743,train
Bedroom-3805,train
Bedroom-21632,train
MasterBedroom-29735,test
MasterBedroom-73361,test
Bedroom-14072,train
SecondBedroom-1417,train
SecondBedroom-142,train
SecondBedroom-14024,train
Bedroom-6636,train
SecondBedroom-9451,train
MasterBedroom-1647,train
MasterBedroom-22134,train
SecondBedroom-81865,train
MasterBedroom-25568,train
MasterBedroom-7022,train
SecondBedroom-42885,train
SecondBedroom-20,train
Bedroom-10393,train
SecondBedroom-131661,train
SecondBedroom-6800,train
SecondBedroom-1179,train
MasterBedroom-282636,train
Bedroom-23635,test
SecondBedroom-2230,train
MasterBedroom-26907,train
Bedroom-1070,train
MasterBedroom-39739,train
Bedroom-303723,train
SecondBedroom-7891,train
MasterBedroom-333,train
MasterBedroom-6133,train
SecondBedroom-6212,train
Bedroom-5993,train
SecondBedroom-49725,train
MasterBedroom-539,train
Bedroom-12515,train
MasterBedroom-60471,train
Bedroom-323257,train
MasterBedroom-37633,train
SecondBedroom-30547,train
Bedroom-8493,train
SecondBedroom-63799,train
SecondBedroom-35698,train
Bedroom-10537,train
Bedroom-10660,train
MasterBedroom-49089,train
Bedroom-9227,train
SecondBedroom-7228,test
MasterBedroom-2355,test
MasterBedroom-53935,train
SecondBedroom-79435,train
MasterBedroom-148398,train
SecondBedroom-19446,train
MasterBedroom-16791,train
Bedroom-37589,train
MasterBedroom-9574,train
Bedroom-12351,train
MasterBedroom-79012,train
MasterBedroom-3260,train
SecondBedroom-13488,train
Bedroom-32859,train
MasterBedroom-102651,train
Bedroom-16603,train
SecondBedroom-259637,train
Bedroom-59127,val
SecondBedroom-27136,train
SecondBedroom-1621,train
MasterBedroom-13810,train
MasterBedroom-33999,train
MasterBedroom-3985,train
Bedroom-285,train
SecondBedroom-2279,train
MasterBedroom-72870,train
MasterBedroom-267,train
Bedroom-14458,train
MasterBedroom-8978,train
SecondBedroom-6754,train
MasterBedroom-10211,train
Bedroom-164,train
SecondBedroom-17713,train
SecondBedroom-10248,train
Bedroom-23898,train
MasterBedroom-107429,train
MasterBedroom-1823,train
MasterBedroom-28439,train
Bedroom-740,train
SecondBedroom-12155,train
Bedroom-42376,train
MasterBedroom-179552,train
Bedroom-24236,train
Bedroom-65752,train
MasterBedroom-16160,train
MasterBedroom-54235,train
MasterBedroom-102831,train
Bedroom-358,train
MasterBedroom-11400,train
Bedroom-13084,train
MasterBedroom-42,train
MasterBedroom-22904,train
Bedroom-3130,train
SecondBedroom-1901,train
MasterBedroom-16884,train
Bedroom-23685,train
MasterBedroom-12904,train
MasterBedroom-7936,train
SecondBedroom-2501,train
SecondBedroom-17858,train
MasterBedroom-137524,train
Bedroom-66453,train
SecondBedroom-22595,train
SecondBedroom-15519,val
Bedroom-62617,train
SecondBedroom-66096,train
SecondBedroom-10210,train
SecondBedroom-34631,train
SecondBedroom-2743,train
MasterBedroom-854,train
SecondBedroom-3784,train
MasterBedroom-147840,train
SecondBedroom-145304,train
SecondBedroom-117377,train
MasterBedroom-15500,train
Bedroom-17813,train
SecondBedroom-16096,train
Bedroom-41983,train
MasterBedroom-11391,train
SecondBedroom-19291,train
SecondBedroom-21947,train
SecondBedroom-1977,train
SecondBedroom-9343,train
Bedroom-34223,train
Bedroom-32464,train
MasterBedroom-15945,train
SecondBedroom-1440,train
Bedroom-5020,train
MasterBedroom-56375,test
Bedroom-37409,train
SecondBedroom-1070,train
Bedroom-2197,val
MasterBedroom-18673,train
SecondBedroom-22460,train
SecondBedroom-5730,train
SecondBedroom-13653,val
MasterBedroom-2888,train
MasterBedroom-32890,train
SecondBedroom-7808,test
MasterBedroom-35310,train
Bedroom-246,train
MasterBedroom-6180,train
Bedroom-84734,train
MasterBedroom-6493,train
Bedroom-28183,train
MasterBedroom-52771,train
SecondBedroom-168927,train
MasterBedroom-12325,train
Bedroom-43072,train
Bedroom-76188,train
MasterBedroom-71942,train
SecondBedroom-7914,train
Bedroom-11354,train
Bedroom-5668,train
MasterBedroom-32892,train
Bedroom-16767,train
SecondBedroom-62375,train
MasterBedroom-251223,train
MasterBedroom-12180,train
MasterBedroom-108697,train
SecondBedroom-15797,train
Bedroom-102143,train
Bedroom-2872,train
SecondBedroom-19165,test
Bedroom-59236,train
SecondBedroom-31150,train
SecondBedroom-155750,train
MasterBedroom-10912,train
SecondBedroom-67466,train
MasterBedroom-17579,train
Bedroom-4788,train
SecondBedroom-34863,train
SecondBedroom-14908,train
MasterBedroom-232,train
SecondBedroom-100203,train
MasterBedroom-1339,train
Bedroom-12495,train
MasterBedroom-83298,train
SecondBedroom-106044,train
SecondBedroom-4121,train
Bedroom-3064,train
MasterBedroom-28468,train
MasterBedroom-74547,train
MasterBedroom-22344,train
Bedroom-33967,train
Bedroom-3895,train
Bedroom-13271,train
MasterBedroom-70575,train
MasterBedroom-1288,train
MasterBedroom-7891,train
Bedroom-5426,train
SecondBedroom-1228,train
SecondBedroom-8913,train
SecondBedroom-5791,train
Bedroom-1621,train
SecondBedroom-78680,train
Bedroom-21752,train
MasterBedroom-22634,train
Bedroom-8166,train
MasterBedroom-16486,train
MasterBedroom-99492,train
